id,date,primary_ticker,ticker_in_head,title,sapo,text_input,url,label,note,reused
b2d882ab8a3e,2025-11-26,HPG,True,100.000 m2 tôn được gửi khẩn cấp tới người dân Đắk Lắk để sửa nhà sau mưa lũ,"Trước thiệt hại nặng nề do mưa lũ, Tập đoàn Hòa Phát đã phối hợp với chính quyền tỉnh Đắk Lắk triển khai hỗ trợ khẩn cấp tôn lợp để giúp hơn các hộ dân sửa chữa nhà cửa.","[HPG] 100.000 m2 tôn được gửi khẩn cấp tới người dân Đắk Lắk để sửa nhà sau mưa lũ. Trước thiệt hại nặng nề do mưa lũ, Tập đoàn Hòa Phát đã phối hợp với chính quyền tỉnh Đắk Lắk triển khai hỗ trợ khẩn cấp tôn lợp để giúp hơn các hộ dân sửa chữa nhà cửa.",https://cafef.vn/100000-m2-ton-duoc-gui-khan-cap-toi-nguoi-dan-dak-lak-de-sua-nha-sau-mua-lu-188251126235402435.chn,POSITIVE,,False
b3e34bf041db,2026-06-10,IPA,True,IPA bị phạt do vi phạm công bố thông tin về trái phiếu,IPA bị phạt 65 triệu đồng liên quan đến một số thiếu sót kỹ thuật trong nội dung công bố thông tin về trái phiếu.,[IPA] IPA bị phạt do vi phạm công bố thông tin về trái phiếu. IPA bị phạt 65 triệu đồng liên quan đến một số thiếu sót kỹ thuật trong nội dung công bố thông tin về trái phiếu.,https://cafef.vn/ipa-bi-phat-do-vi-pham-cong-bo-thong-tin-ve-trai-phieu-188260610171714139.chn,NEGATIVE,IPA bị phạt vi phạm công bố thông tin trái phiếu — dù nhỏ vẫn là tín hiệu tiêu cực,True
cb2425cc9e8b,2026-04-17,NVL,False,Ông Bùi Cao Nhật Quân giữ chức Chủ tịch HĐQT NovaGroup,"Ngày 16/4, NovaGroup chính thức bổ nhiệm ông Bùi Cao Nhật Quân giữ chức Chủ tịch Hội đồng quản trị thay ông Bùi Thành Nhơn, đánh dấu bước chuyển giao quan trọng trong lộ trình tái cấu trúc toàn diện của tập đoàn đa ngành này.","[NVL] Ông Bùi Cao Nhật Quân giữ chức Chủ tịch HĐQT NovaGroup. Ngày 16/4, NovaGroup chính thức bổ nhiệm ông Bùi Cao Nhật Quân giữ chức Chủ tịch Hội đồng quản trị thay ông Bùi Thành Nhơn, đánh dấu bước chuyển giao quan trọng trong lộ trình tái cấu trúc toàn diện của tập đoàn đa ngành này.",https://cafef.vn/ong-bui-cao-nhat-quan-giu-chuc-chu-tich-hdqt-novagroup-188260417070054701.chn,NEUTRAL,Thay đổi Chủ tịch HĐQT trong tái cơ cấu — không rõ tác động tích cực hay tiêu cực ngay,True
f17854b58149,2025-08-15,SLD,False,"Một mã bất động sản tăng kịch trần 40% trong ngày chào sàn, vốn hóa công ty chạm mốc nghìn tỷ","Lũy kế 6 tháng đầu năm, công ty không ghi nhận doanh thu. Nhờ doanh thu tài chính giúp công ty có lãi gần 380 triệu đồng.","[SLD] Một mã bất động sản tăng kịch trần 40% trong ngày chào sàn, vốn hóa công ty chạm mốc nghìn tỷ. Lũy kế 6 tháng đầu năm, công ty không ghi nhận doanh thu. Nhờ doanh thu tài chính giúp công ty có lãi gần 380 triệu đồng.",https://cafef.vn/mot-ma-bat-dong-san-tang-kich-tran-40-trong-ngay-chao-san-von-hoa-cong-ty-cham-moc-nghin-ty-188250815140731014.chn,,,False
3d4d30ec5d24,2026-04-02,UDJ,True,"Đà Nẵng tính toán di dời gần 400.000 ngôi mộ để tái thiết đô thị, phát triển hạ tầng ven biển","Sở Xây dựng TP. Đà Nẵng vừa có đề xuất việc tính toán, quy hoạch nghĩa trang để di dời gần 400.000 ngôi mộ ở vùng Đông nhằm tạo quỹ đất phát triển đô thị ven biển và triển khai các dự án hạ tầng trọng điểm.","[UDJ] Đà Nẵng tính toán di dời gần 400.000 ngôi mộ để tái thiết đô thị, phát triển hạ tầng ven biển. Sở Xây dựng TP. Đà Nẵng vừa có đề xuất việc tính toán, quy hoạch nghĩa trang để di dời gần 400.000 ngôi mộ ở vùng Đông nhằm tạo quỹ đất phát triển đô thị ven biển và triển khai các dự án hạ tầng trọng điểm.",https://cafef.vn/da-nang-tinh-toan-di-doi-gan-400000-ngoi-mo-de-tai-thiet-do-thi-phat-trien-ha-tang-ven-bien-188260402110917636.chn,POSITIVE,,False
427ea058c748,2026-04-24,VPL,True,"ĐHĐCĐ Vinpearl: Kế hoạch doanh thu năm 2026 kỷ lục, lợi nhuận tăng 172%, chào bán tối đa 100 triệu cổ phiếu ưu đãi giá 80.000 đồng/cp","Một nội dung quan trọng trình Đại hội là phương án chào bán cổ phiếu ưu đãi riêng lẻ. Theo kế hoạch, Vinpearl lên kế hoạch chào bán tối đa 100 triệu cổ phiếu ưu đãi cổ tức, có quyền chuyển đổi sang cổ phiếu phổ thông.","[VPL] ĐHĐCĐ Vinpearl: Kế hoạch doanh thu năm 2026 kỷ lục, lợi nhuận tăng 172%, chào bán tối đa 100 triệu cổ phiếu ưu đãi giá 80.000 đồng/cp. Một nội dung quan trọng trình Đại hội là phương án chào bán cổ phiếu ưu đãi riêng lẻ. Theo kế hoạch, Vinpearl lên kế hoạch chào bán tối đa 100 triệu cổ phiếu ưu đãi cổ tức, có quyền chuyển đổi sang cổ phiếu phổ thông.",https://cafef.vn/dhdcd-vinpearl-ke-hoach-doanh-thu-nam-2026-ky-luc-loi-nhuan-tang-172-chao-ban-toi-da-100-trieu-co-phieu-uu-dai-gia-80000-dong-cp-188260424102456461.chn,,,False
9321f50feced,2026-07-07,PNJ,True,PNJ công bố thông tin bất thường,"Chiều nay (7/7), Công ty Vàng bạc đá quý Phú Nhuận (PNJ) công bố thông tin bất thường liên quan đến Công ty P-Lab (công ty con do PNJ sở hữu 100% vốn), PNJ thành lập tổ giám sát đặc biệt với sự tham gia của hai thành viên độc lập hội đồng quản trị. Động thái được đưa ra sau khi cơ quan công an bắt ông Đặng Ngọc Thảo - Giám đốc Công ty TNHH MTV Giám định PNJ - trong đường dây buôn lậu kim cương.","[PNJ] PNJ công bố thông tin bất thường. Chiều nay (7/7), Công ty Vàng bạc đá quý Phú Nhuận (PNJ) công bố thông tin bất thường liên quan đến Công ty P-Lab (công ty con do PNJ sở hữu 100% vốn), PNJ thành lập tổ giám sát đặc biệt với sự tham gia của hai thành viên độc lập hội đồng quản trị. Động thái được đưa ra sau khi cơ quan công an bắt ông Đặng Ngọc Thảo - Giám đốc Công ty TNHH MTV Giám định PNJ - trong đường dây buôn lậu kim cương.",https://cafef.vn/pnj-cong-bo-thong-tin-bat-thuong-188260707171930405.chn,NEGATIVE,"PNJ: GĐ công ty con bị bắt trong đường dây buôn lậu kim cương, PNJ lập tổ giám sát đặc biệt — rủi ro pháp lý nghiêm trọng",True
12dc03e5ff35,2025-12-23,STB,True,"Cùng với ông Nguyễn Đức Thụy, một nữ lãnh đạo của LPBank chính thức tham gia ban điều hành Sacombank",Quyết định bổ nhiệm hiệu lực từ hôm nay ngày 23/12/2025.,"[STB] Cùng với ông Nguyễn Đức Thụy, một nữ lãnh đạo của LPBank chính thức tham gia ban điều hành Sacombank. Quyết định bổ nhiệm hiệu lực từ hôm nay ngày 23/12/2025.",https://cafef.vn/cung-voi-ong-nguyen-duc-thuy-mot-nu-lanh-dao-khac-cua-lpbank-chinh-thuc-tham-gia-ban-dieu-hanh-sacombank-188251223134503273.chn,POSITIVE,,False
8c6ff2118e4c,2026-01-07,BAX,True,TPHCM thống nhất chủ trương làm đường vượt biển Cần Giờ,Ban Chấp hành Đảng bộ TPHCM vừa thống nhất chủ trương điều chỉnh quy hoạch Dự án xây dựng đường vượt biển kết nối Cần Giờ và Bà Rịa - Vũng Tàu cũ,[BAX] TPHCM thống nhất chủ trương làm đường vượt biển Cần Giờ. Ban Chấp hành Đảng bộ TPHCM vừa thống nhất chủ trương điều chỉnh quy hoạch Dự án xây dựng đường vượt biển kết nối Cần Giờ và Bà Rịa - Vũng Tàu cũ,https://cafef.vn/tphcm-thong-nhat-chu-truong-lam-duong-vuot-bien-can-gio-188260107112251756.chn,,,False
2c7a1c0e5f18,2026-03-31,RGG,True,Regal Group tiếp đón lãnh đạo cấp cao Tập đoàn Xây dựng Thái Bình Dương,"Sáng ngày 28/3, Regal Group đã có buổi tiếp đón và làm việc chính thức với đoàn lãnh đạo cấp cao của Tập đoàn Xây dựng Thái Bình Dương (China Pacific Construction Group). Cuộc gặp gỡ mở ra triển vọng hợp tác chiến lược, đặc biệt trong việc phát triển các dự án bất động sản chăm sóc sức khỏe hạng sang (Wellness Luxury).","[RGG] Regal Group tiếp đón lãnh đạo cấp cao Tập đoàn Xây dựng Thái Bình Dương. Sáng ngày 28/3, Regal Group đã có buổi tiếp đón và làm việc chính thức với đoàn lãnh đạo cấp cao của Tập đoàn Xây dựng Thái Bình Dương (China Pacific Construction Group). Cuộc gặp gỡ mở ra triển vọng hợp tác chiến lược, đặc biệt trong việc phát triển các dự án bất động sản chăm sóc sức khỏe hạng sang (Wellness Luxury).",https://cafef.vn/regal-group-tiep-don-lanh-dao-cap-cao-tap-doan-xay-dung-thai-binh-duong-188260331113822876.chn,NEUTRAL,"Regal Group gặp lãnh đạo tập đoàn Trung Quốc — cuộc gặp ban đầu, không có cam kết cụ thể",True
e34979b4b1c1,2026-04-07,QNS,True,Chủ thương hiệu sữa đậu nành Fami sắp chi hơn 735 tỷ đồng trả cổ tức,"Đường Quảng Ngãi- chủ thương hiệu sữa đậu nành Fami sắp chi gần 735,3 tỷ đồng chi trả phần cổ tức còn lại năm 2025 cho cổ đông bằng tiền mặt với tỷ lệ 20%. Ngày đăng ký cuối cùng là 17/4/2026.","[QNS] Chủ thương hiệu sữa đậu nành Fami sắp chi hơn 735 tỷ đồng trả cổ tức. Đường Quảng Ngãi- chủ thương hiệu sữa đậu nành Fami sắp chi gần 735,3 tỷ đồng chi trả phần cổ tức còn lại năm 2025 cho cổ đông bằng tiền mặt với tỷ lệ 20%. Ngày đăng ký cuối cùng là 17/4/2026.",https://cafef.vn/chu-thuong-hieu-sua-dau-nanh-fami-sap-chi-hon-735-ty-dong-tra-co-tuc-188260407102350899.chn,POSITIVE,Chia cổ tức tiền mặt 20% (~735 tỷ đồng) — dòng tiền thực về tay cổ đông,True
86517c8f7972,2025-12-31,VIC,True,"VinFast đổ bộ Congo: Tham vọng bán 100.000 xe máy ngang mức đỉnh tại Việt Nam chỉ trong 1 quý, chính sách 'khai tử' xe cũ có 'đỡ' lại cơn khát điện năng?","Dân số 17 triệu dân của Kinshasa - với sự thống trị của đội ngũ xe máy chạy xăng cũ nát (Wewa) - là một thị trường rộng lớn, có thể là cơ sở để Vingroup xây nên kế hoạch. Nhưng quan trọng hơn, bức tranh vĩ mô với những thay đổi pháp lý mang tính bước ngoặt của Congo mới là yếu tố “dọn đường”.","[VIC] VinFast đổ bộ Congo: Tham vọng bán 100.000 xe máy ngang mức đỉnh tại Việt Nam chỉ trong 1 quý, chính sách 'khai tử' xe cũ có 'đỡ' lại cơn khát điện năng?. Dân số 17 triệu dân của Kinshasa - với sự thống trị của đội ngũ xe máy chạy xăng cũ nát (Wewa) - là một thị trường rộng lớn, có thể là cơ sở để Vingroup xây nên kế hoạch. Nhưng quan trọng hơn, bức tranh vĩ mô với những thay đổi pháp lý mang tính bước ngoặt của Congo mới là yếu tố “dọn đường”.",https://cafef.vn/vinfast-do-bo-congo-tham-vong-ban-100000-xe-may-ngang-muc-dinh-tai-viet-nam-chi-trong-1-quy-chinh-sach-khai-tu-xe-cu-co-do-lai-con-khat-dien-nang-188251231081302067.chn,POSITIVE,,False
71b0b00bca41,2026-06-05,STB,True,Sacombank bổ nhiệm hai người con của ông Nguyễn Đức Thụy vào Văn phòng Quản trị,"Sacombank vừa bổ nhiệm ông Nguyễn Xuân Thái (sinh năm 2003) và bà Nguyễn Ngọc Mỹ Anh (sinh năm 2001), là con trai và con gái của ông Nguyễn Đức Thụy - Phó Chủ tịch Thường trực HĐQT ngân hàng, giữ các vị trí Trợ lý HĐQT và Trợ lý Tổng Giám đốc tại Văn phòng Quản trị Sacombank kể từ ngày 4/6/2026.","[STB] Sacombank bổ nhiệm hai người con của ông Nguyễn Đức Thụy vào Văn phòng Quản trị. Sacombank vừa bổ nhiệm ông Nguyễn Xuân Thái (sinh năm 2003) và bà Nguyễn Ngọc Mỹ Anh (sinh năm 2001), là con trai và con gái của ông Nguyễn Đức Thụy - Phó Chủ tịch Thường trực HĐQT ngân hàng, giữ các vị trí Trợ lý HĐQT và Trợ lý Tổng Giám đốc tại Văn phòng Quản trị Sacombank kể từ ngày 4/6/2026.",https://cafef.vn/sacombank-bo-nhiem-hai-nguoi-con-cua-ong-nguyen-duc-thuy-vao-van-phong-quan-tri-188260605181831039.chn,,,False
e82b352922c5,2026-06-14,VNG,True,Một công ty AI cùng hệ sinh thái với Zalo vừa nhận giấy chứng nhận Công nghệ cao đầu tiên của TP.HCM,"Sở Khoa học và Công nghệ TP.HCM vừa cấp Giấy chứng nhận Doanh nghiệp Công nghệ cao số 01/DNCNC cho GreenNode, đơn vị cung cấp hạ tầng AI Cloud thuộc hệ sinh thái VNG Group.","[VNG] Một công ty AI cùng hệ sinh thái với Zalo vừa nhận giấy chứng nhận Công nghệ cao đầu tiên của TP.HCM. Sở Khoa học và Công nghệ TP.HCM vừa cấp Giấy chứng nhận Doanh nghiệp Công nghệ cao số 01/DNCNC cho GreenNode, đơn vị cung cấp hạ tầng AI Cloud thuộc hệ sinh thái VNG Group.",https://cafef.vn/mot-cong-ty-ai-cung-he-sinh-thai-voi-zalo-vua-nhan-giay-chung-nhan-cong-nghe-cao-dau-tien-cua-tphcm-188260614144758114.chn,POSITIVE,GreenNode (hệ sinh thái VNG) nhận Giấy chứng nhận DN Công nghệ cao đầu tiên TP.HCM — công nhận chính thức,True
9e3de8c0b900,2025-08-22,NVL,True,Novaland thông tin về quyết định của Toà án TP HCM trong tranh chấp với Taekwang Vina tại dự án gần 10.000 tỷ đồng,"Trước đó, Trung tâm Trọng tài Quốc tế Việt Nam (VIAC) đã ra phán quyết trọng tài đối với vụ tranh chấp giữa 2 công ty, buộc đối tác Hàn Quốc phải tiếp tục thực hiện hợp đồng đã ký liên quan đến dự án bất động sản tại TP HCM.","[NVL] Novaland thông tin về quyết định của Toà án TP HCM trong tranh chấp với Taekwang Vina tại dự án gần 10.000 tỷ đồng. Trước đó, Trung tâm Trọng tài Quốc tế Việt Nam (VIAC) đã ra phán quyết trọng tài đối với vụ tranh chấp giữa 2 công ty, buộc đối tác Hàn Quốc phải tiếp tục thực hiện hợp đồng đã ký liên quan đến dự án bất động sản tại TP HCM.",https://cafef.vn/novaland-thong-tin-ve-quyet-dinh-cua-toa-an-tp-hcm-trong-tranh-chap-voi-taekwang-vina-tai-du-an-gan-10000-ty-dong-188250822154354286.chn,POSITIVE,,False
1aa9c8ebcead,2026-01-12,PNJ,True,"Tổng Giám đốc PNJ Lê Trí Thông cảnh báo: AI sẽ lấy đi nhiều ""job"", nhưng 20-30 năm tới vẫn là cuộc chơi của trí tuệ con người","Ông Lê Trí Thông cho rằng, con người phải tiến hóa nhanh hơn để khai thác và dẫn dắt công nghệ.","[PNJ] Tổng Giám đốc PNJ Lê Trí Thông cảnh báo: AI sẽ lấy đi nhiều ""job"", nhưng 20-30 năm tới vẫn là cuộc chơi của trí tuệ con người. Ông Lê Trí Thông cho rằng, con người phải tiến hóa nhanh hơn để khai thác và dẫn dắt công nghệ.",https://cafef.vn/tong-giam-doc-pnj-le-tri-thong-canh-bao-ai-se-lay-di-nhieu-job-nhung-20-30-nam-toi-van-la-cuoc-choi-cua-tri-tue-con-nguoi-188260112094729592.chn,,,False
5caf0d66540b,2026-05-13,BTS,True,"Cộng đồng người yêu âm nhạc Việt Nam đang giải mã ""hint"" liên quan đến BTS WORLD TOUR 'ARIRANG'?",Chưa có xác nhận chính thức. Nhưng tốc độ lan truyền trong cộng đồng người yêu âm nhạc BTS tại Việt Nam đang nói lên điều gì đó.,"[BTS] Cộng đồng người yêu âm nhạc Việt Nam đang giải mã ""hint"" liên quan đến BTS WORLD TOUR 'ARIRANG'?. Chưa có xác nhận chính thức. Nhưng tốc độ lan truyền trong cộng đồng người yêu âm nhạc BTS tại Việt Nam đang nói lên điều gì đó.",https://cafef.vn/cong-dong-nguoi-yeu-am-nhac-viet-nam-dang-giai-ma-hint-lien-quan-den-bts-world-tour-arirang-188260513113013976.chn,NEUTRAL,"Tin giải mã 'hint' concert BTS tại Việt Nam, BTS là nhóm nhạc Hàn không phải ticker",True
3ff905592c63,2025-07-18,HPG,True,Hòa Phát chính thức không bị EU áp thuế chống bán phá giá đối với Thép cuộn cán nóng (HRC),"Thép HRC Hòa Phát xuất khẩu vào châu Âu chịu thuế suất 0%, mức thuế châu Âu áp cho các doanh nghiệp khác của Việt Nam là 12,1%.","[HPG] Hòa Phát chính thức không bị EU áp thuế chống bán phá giá đối với Thép cuộn cán nóng (HRC). Thép HRC Hòa Phát xuất khẩu vào châu Âu chịu thuế suất 0%, mức thuế châu Âu áp cho các doanh nghiệp khác của Việt Nam là 12,1%.",https://cafef.vn/hoa-phat-chinh-thuc-khong-bi-eu-ap-thue-chong-ban-pha-gia-doi-voi-thep-cuon-can-nong-hrc-188250718152310954.chn,POSITIVE,,False
a78b2d86253f,2026-06-22,VTP,False,Viettel Post muốn làm dự án hơn 1.500 tỷ đồng,HĐQT Viettel Post đã phê duyệt chủ trương đầu tư đối với dự án Trung tâm Logistics Viettel Hung Yên với tổng vốn đầu tư hơn 1.500 tỷ đồng.,[VTP] Viettel Post muốn làm dự án hơn 1.500 tỷ đồng. HĐQT Viettel Post đã phê duyệt chủ trương đầu tư đối với dự án Trung tâm Logistics Viettel Hung Yên với tổng vốn đầu tư hơn 1.500 tỷ đồng.,https://cafef.vn/viettel-post-muon-lam-du-an-hon-1500-ty-dong-188260622100537178.chn,,,False
7e4f80042034,2026-06-02,NVL,True,Novaland chốt ngày phát hành hơn 167 triệu cổ phiếu thưởng cho cổ đông,"Ngày 11/6/2026 tới đây, Novaland sẽ chốt danh sách cổ đông để phát hành gần 167,6 triệu cổ phiếu thưởng nhằm mục đích tăng vốn điều lệ lên mức gần 24.021 tỷ đồng.","[NVL] Novaland chốt ngày phát hành hơn 167 triệu cổ phiếu thưởng cho cổ đông. Ngày 11/6/2026 tới đây, Novaland sẽ chốt danh sách cổ đông để phát hành gần 167,6 triệu cổ phiếu thưởng nhằm mục đích tăng vốn điều lệ lên mức gần 24.021 tỷ đồng.",https://cafef.vn/novaland-chot-ngay-phat-hanh-hon-167-trieu-co-phieu-thuong-cho-co-dong-188260602071319448.chn,NEUTRAL,Co phieu thuong (khong phai tien mat) - khong tao gia tri moi,True
d398c1196623,2025-10-04,ACB,True,ACB đồng hành cùng hộ kinh doanh trước những thay đổi trong Nghị định 70,"Trước yêu cầu mới của Nghị định 70/2025/NĐ-CP, Ngân hàng TMCP Á Châu (ACB) đưa ra giải pháp giúp hộ kinh doanh tách bạch dòng tiền, theo dõi giao dịch và kê khai thuận tiện hơn. Tại hội thảo “Hộ Kinh Doanh & Những Bước Chuyển Mình Tuân Thủ: Hiểu Đúng – Làm Đúng – Phát Triển”, ACB cùng các chuyên gia cũng chia sẻ hướng đi cụ thể để việc vận hành của hộ kinh doanh trở nên nhẹ nhàng hơn.","[ACB] ACB đồng hành cùng hộ kinh doanh trước những thay đổi trong Nghị định 70. Trước yêu cầu mới của Nghị định 70/2025/NĐ-CP, Ngân hàng TMCP Á Châu (ACB) đưa ra giải pháp giúp hộ kinh doanh tách bạch dòng tiền, theo dõi giao dịch và kê khai thuận tiện hơn. Tại hội thảo “Hộ Kinh Doanh & Những Bước Chuyển Mình Tuân Thủ: Hiểu Đúng – Làm Đúng – Phát Triển”, ACB cùng các chuyên gia cũng chia sẻ hướng đi cụ thể để việc vận hành của hộ kinh doanh trở nên nhẹ nhàng hơn.",https://cafef.vn/acb-dong-hanh-cung-ho-kinh-doanh-truoc-nhung-thay-doi-trong-nghi-dinh-70-188251004091000629.chn,,,False
fe5b73f7e1cc,2026-01-09,VCP,True,Cách doanh nghiệp 'bỏ túi' nghìn tỷ,"Tập đoàn Trường Hải, Công ty CP Thương mại và Dịch vụ Quốc tế THISO, Bất động sản Phát Đạt, Công ty CP Xây dựng và Năng lượng VCP đã thu về hàng trăm đến hàng ngàn tỷ đồng từ việc phát hành trái phiếu.","[VCP] Cách doanh nghiệp 'bỏ túi' nghìn tỷ. Tập đoàn Trường Hải, Công ty CP Thương mại và Dịch vụ Quốc tế THISO, Bất động sản Phát Đạt, Công ty CP Xây dựng và Năng lượng VCP đã thu về hàng trăm đến hàng ngàn tỷ đồng từ việc phát hành trái phiếu.",https://cafef.vn/cach-doanh-nghiep-bo-tui-nghin-ty-188260109090133661.chn,NEUTRAL,"Bài về nhiều DN phát hành trái phiếu, VCP là 1 trong số đó — không phải nhân vật chính",True
a1f8d44346b9,2025-10-24,SVC,True,Savico nói gì về việc cổ phiếu SVC tăng trần 5 phiên liên tiếp?,"Theo Savico, giá cổ phiếu SVC tăng trần 5 phiên liên tiếp từ ngày 16/10/2025 đến ngày 22/10/2025 hoàn toàn dựa trên diễn biến khách quan và cung cầu của thị trường chứng khoán.","[SVC] Savico nói gì về việc cổ phiếu SVC tăng trần 5 phiên liên tiếp?. Theo Savico, giá cổ phiếu SVC tăng trần 5 phiên liên tiếp từ ngày 16/10/2025 đến ngày 22/10/2025 hoàn toàn dựa trên diễn biến khách quan và cung cầu của thị trường chứng khoán.",https://cafef.vn/savico-noi-gi-ve-viec-co-phieu-svc-tang-tran-5-phien-lien-tiep-18825102411562225.chn,,,False
0a041b8ffe97,2025-08-30,ACG,True,"Gỗ An Cường hiện diện ấn tượng tại Triển lãm ""Rạng Rỡ Việt Nam""","Trong không khí hân hoan của những ngày kỷ niệm 80 năm ngày Quốc khánh, Công ty Cổ phần Gỗ An Cường tự hào là doanh nghiệp Thương Hiệu Quốc Gia tham gia gian hàng tại phân khu Khởi Nghiệp Kiến Quốc trong khuôn khổ Triển lãm ""80 năm thành tựu kinh tế - xã hội Việt Nam"".","[ACG] Gỗ An Cường hiện diện ấn tượng tại Triển lãm ""Rạng Rỡ Việt Nam"". Trong không khí hân hoan của những ngày kỷ niệm 80 năm ngày Quốc khánh, Công ty Cổ phần Gỗ An Cường tự hào là doanh nghiệp Thương Hiệu Quốc Gia tham gia gian hàng tại phân khu Khởi Nghiệp Kiến Quốc trong khuôn khổ Triển lãm ""80 năm thành tựu kinh tế - xã hội Việt Nam"".",https://cafef.vn/go-an-cuong-hien-dien-an-tuong-tai-trien-lam-rang-ro-viet-nam-188250830165233011.chn,POSITIVE,,False
35922e866f2d,2026-07-28,HPG,True,Tin vui cho Hòa Phát và một 'người bạn' thép,"Sau khi mở cuộc điều tra, cơ quan điều tra sẽ phát hành bản câu hỏi lựa chọn mẫu tới các nhà sản xuất, xuất khẩu nước ngoài có liên quan cũng như cơ quan đại diện của Trung Quốc tại Việt Nam để thu thập thông tin phục vụ quá trình xác minh.","[HPG] Tin vui cho Hòa Phát và một 'người bạn' thép. Sau khi mở cuộc điều tra, cơ quan điều tra sẽ phát hành bản câu hỏi lựa chọn mẫu tới các nhà sản xuất, xuất khẩu nước ngoài có liên quan cũng như cơ quan đại diện của Trung Quốc tại Việt Nam để thu thập thông tin phục vụ quá trình xác minh.",https://cafef.vn/tin-vui-cho-hoa-phat-va-mot-nguoi-ban-thep-188260728115606961.chn,POSITIVE,Tin vui cho HPG: điều tra chống bán phá giá thép nhập khẩu — bảo vệ thị trường nội địa cho HPG,True
8dd86e85231f,2026-03-16,HDG,True,Mẹ của CEO Tập đoàn Hà Đô muốn chi trăm tỷ mua cổ phiếu,"Bà Nguyễn Thị Thu Hà, mẹ ông Nguyễn Trọng Minh - Tổng giám đốc Công ty CP Tập đoàn Hà Đô - đăng ký mua 5 triệu cổ phiếu để tăng sở hữu. Nếu muốn giao dịch hoàn tất, cần chi khoảng 141 tỷ đồng để sẽ sở hữu 1,35% vốn HDG.","[HDG] Mẹ của CEO Tập đoàn Hà Đô muốn chi trăm tỷ mua cổ phiếu. Bà Nguyễn Thị Thu Hà, mẹ ông Nguyễn Trọng Minh - Tổng giám đốc Công ty CP Tập đoàn Hà Đô - đăng ký mua 5 triệu cổ phiếu để tăng sở hữu. Nếu muốn giao dịch hoàn tất, cần chi khoảng 141 tỷ đồng để sẽ sở hữu 1,35% vốn HDG.",https://cafef.vn/me-cua-ceo-tap-doan-ha-do-muon-chi-tram-ty-mua-co-phieu-188260316082338928.chn,POSITIVE,Thân nhân CEO mua 5 triệu cp HDG — tín hiệu insider mua vào,True
c7c75845c39c,2025-10-06,VMD,True,Cổ phiếu dược phẩm Vimedimex vào diện tạm ngừng giao dịch,"Cổ phiếu VMD của Công ty CP Y dược phẩm Vimedimex bị Sở Giao dịch chứng khoán TPHCM đưa vào diện tạm ngừng giao dịch do chưa thực hiện công bố thông tin biện pháp, lộ trình khắc phục tình trạng chứng khoán bị cảnh báo.","[VMD] Cổ phiếu dược phẩm Vimedimex vào diện tạm ngừng giao dịch. Cổ phiếu VMD của Công ty CP Y dược phẩm Vimedimex bị Sở Giao dịch chứng khoán TPHCM đưa vào diện tạm ngừng giao dịch do chưa thực hiện công bố thông tin biện pháp, lộ trình khắc phục tình trạng chứng khoán bị cảnh báo.",https://cafef.vn/co-phieu-duoc-pham-vimedimex-vao-dien-tam-ngung-giao-dich-188251006105636873.chn,,,False
f4a3ea3394b4,2026-03-18,DGC,False,"Hóa chất Đức Giang gặp biến cố, ai sẽ hưởng lợi?","Theo một báo cáo của ACBS năm 2023, trong số các công ty có khả năng sản xuất phốt pho vàng, CTCP Hóa chất Đức Giang là doanh nghiệp dẫn đầu ngành về công suất sản xuất với công suất thiết kế các nhà máy năm 2023 đạt 69.800 tấn/năm.","[DGC] Hóa chất Đức Giang gặp biến cố, ai sẽ hưởng lợi?. Theo một báo cáo của ACBS năm 2023, trong số các công ty có khả năng sản xuất phốt pho vàng, CTCP Hóa chất Đức Giang là doanh nghiệp dẫn đầu ngành về công suất sản xuất với công suất thiết kế các nhà máy năm 2023 đạt 69.800 tấn/năm.",https://cafef.vn/hoa-chat-duc-giang-gap-bien-co-ai-se-huong-loi-188260318012216349.chn,NEGATIVE,DGC gặp biến cố (khởi tố lãnh đạo) — tiêu đề hỏi ai hưởng lợi ngụ ý DGC bị hại,True
e0942eedca98,2026-06-17,MWG,True,"Ngay trước khi hết thời hạn đăng ký mua IPO, công ty mẹ của Điện Máy Xanh báo doanh thu cao kỷ lục","MWG – công ty mẹ của Điện Máy Xanh vừa công bố kết quả kinh doanh tháng 5 với doanh thu kỷ lục gần 16.700 tỷ đồng, tăng trưởng hơn 32% so với cùng kỳ.","[MWG] Ngay trước khi hết thời hạn đăng ký mua IPO, công ty mẹ của Điện Máy Xanh báo doanh thu cao kỷ lục. MWG – công ty mẹ của Điện Máy Xanh vừa công bố kết quả kinh doanh tháng 5 với doanh thu kỷ lục gần 16.700 tỷ đồng, tăng trưởng hơn 32% so với cùng kỳ.",https://cafef.vn/ngay-truoc-khi-het-thoi-han-dang-ky-mua-ipo-cong-ty-me-cua-dien-may-xanh-bao-doanh-thu-cao-ky-luc-188260617125058633.chn,POSITIVE,,False
da101fbf7104,2026-05-11,BSR,True,Đơn vị chủ quản Nhà máy lọc dầu 3 tỷ USD của Việt Nam chính thức đổi tên,"Theo BSR, việc thay đổi tên được xem là bước đi tất yếu, phản ánh đúng tầm nhìn chiến lược và mở đường cho các bước tái định vị thương hiệu ở cấp độ cao hơn trong giai đoạn tới.","[BSR] Đơn vị chủ quản Nhà máy lọc dầu 3 tỷ USD của Việt Nam chính thức đổi tên. Theo BSR, việc thay đổi tên được xem là bước đi tất yếu, phản ánh đúng tầm nhìn chiến lược và mở đường cho các bước tái định vị thương hiệu ở cấp độ cao hơn trong giai đoạn tới.",https://cafef.vn/don-vi-chu-quan-nha-may-loc-dau-3-ty-usd-cua-viet-nam-chinh-thuc-doi-ten-188260511222651313.chn,,,False
950c6fd50e8e,2026-07-31,ACV,True,Siêu dự án sân bay 16 tỷ USD lớn nhất Việt Nam dự kiến vận hành thử nghiệm trong 3 tháng trước khi khai thác thương mại,"ACV dự kiến triển khai vận hành thử nghiệm sân bay Long Thành từ tháng 9-11, trước khi chuyển sang khai thác thương mại.","[ACV] Siêu dự án sân bay 16 tỷ USD lớn nhất Việt Nam dự kiến vận hành thử nghiệm trong 3 tháng trước khi khai thác thương mại. ACV dự kiến triển khai vận hành thử nghiệm sân bay Long Thành từ tháng 9-11, trước khi chuyển sang khai thác thương mại.",https://cafef.vn/sieu-du-an-san-bay-16-ty-usd-lon-nhat-viet-nam-du-kien-van-hanh-thu-nghiem-trong-3-thang-truoc-khi-khai-thac-thuong-mai-188260731140744094.chn,POSITIVE,"Long Thành dự kiến vận hành thử nghiệm tháng 9-11, ACV là chủ đầu tư — tiến độ tích cực",True
d4d1b7b44bc1,2025-10-16,MSN,False,"SK thoái hết vốn khỏi Masan, cổ phiếu tăng đột biến: Điều gì sẽ xảy ra?","Giá chào bán trong khoảng 78.000–79.300 đồng/cp tương ứng mức chiết khấu 3,9–5,5% so với giá đóng cửa 82.500 đồng của phiên trước được đánh giá là mức chiết khấu thấp cho một giao dịch lớn.","[MSN] SK thoái hết vốn khỏi Masan, cổ phiếu tăng đột biến: Điều gì sẽ xảy ra?. Giá chào bán trong khoảng 78.000–79.300 đồng/cp tương ứng mức chiết khấu 3,9–5,5% so với giá đóng cửa 82.500 đồng của phiên trước được đánh giá là mức chiết khấu thấp cho một giao dịch lớn.",https://cafef.vn/sk-thoai-het-von-khoi-masan-co-phieu-tang-dot-bien-dieu-gi-se-xay-ra-188251016145621828.chn,NEUTRAL,"SK thoái vốn MSN với chiết khấu thấp 3.9-5.5%, giá cao — tín hiệu mơ hồ, thị trường chưa phản ứng rõ",True
a0e804e79f65,2026-06-08,VIC,True,Tổng giám đốc Vingroup nói gì về thương vụ gia tăng sở hữu tại GSM và VinEnergo?,"Ông Nguyễn Việt Quang, Phó Chủ tịch kiêm Tổng giám đốc Tập đoàn Vingroup cho rằng bản chất của giao dịch là trao cho Vingroup quyền lựa chọn nâng tỷ lệ sở hữu trong hai doanh nghiệp tiềm năng, qua đó tạo thêm cơ hội gia tăng giá trị cho cổ đông.","[VIC] Tổng giám đốc Vingroup nói gì về thương vụ gia tăng sở hữu tại GSM và VinEnergo?. Ông Nguyễn Việt Quang, Phó Chủ tịch kiêm Tổng giám đốc Tập đoàn Vingroup cho rằng bản chất của giao dịch là trao cho Vingroup quyền lựa chọn nâng tỷ lệ sở hữu trong hai doanh nghiệp tiềm năng, qua đó tạo thêm cơ hội gia tăng giá trị cho cổ đông.",https://cafef.vn/tong-giam-doc-vingroup-noi-gi-ve-thuong-vu-gia-tang-so-huu-tai-gsm-va-vinenergo-188260608165544066.chn,NEUTRAL,TGĐ Vingroup nói VIC mua quyền chọn nâng sở hữu GSM/VinEnergo — cơ hội tiềm năng nhưng chưa chắc chắn,True
72b616979dc4,2025-06-27,SCS,False,"Trả cổ tức tiền mặt 60%, 'Đại gia' sân bay đặt mục tiêu lãi kỷ lục 860 tỷ, muốn làm kho hàng ở Sân bay Long Thành","Năm nay, Công ty dự chia cổ tức 30%, giảm một nửa so với tỷ lệ năm 2024.","[SCS] Trả cổ tức tiền mặt 60%, 'Đại gia' sân bay đặt mục tiêu lãi kỷ lục 860 tỷ, muốn làm kho hàng ở Sân bay Long Thành. Năm nay, Công ty dự chia cổ tức 30%, giảm một nửa so với tỷ lệ năm 2024.",https://cafef.vn/tra-co-tuc-tien-mat-60-dai-gia-san-bay-dat-muc-tieu-lai-ky-luc-860-ty-muon-lam-kho-hang-o-san-bay-long-thanh-18825062713030613.chn,POSITIVE,"Chia cổ tức tiền mặt 60% (năm trước), kế hoạch lãi kỷ lục 860 tỷ, mở kho Long Thành — nhiều tín hiệu tích cực",True
d9322d0ed62e,2025-11-27,VJC,True,Cổ phiếu Vietjet của tỷ phú Nguyễn Thị Phương Thảo giảm sàn,Áp lực chốt lời là một trong những nguyên nhân khiến cổ phiếu Vietjet giảm mạnh khi giá trước đó đã tăng hơn gấp đôi từ đầu năm.,[VJC] Cổ phiếu Vietjet của tỷ phú Nguyễn Thị Phương Thảo giảm sàn. Áp lực chốt lời là một trong những nguyên nhân khiến cổ phiếu Vietjet giảm mạnh khi giá trước đó đã tăng hơn gấp đôi từ đầu năm.,https://cafef.vn/co-phieu-vietjet-cua-ty-phu-nguyen-thi-phuong-thao-giam-san-188251127114232832.chn,NEGATIVE,,False
1aea9521ccba,2026-01-25,HAH,True,Lãnh đạo Xếp dỡ Hải An không mua hết 1 triệu cổ phiếu HAH đã đăng ký,Do diễn biến thị trường không như kỳ vọng nên ông Vũ Doãn Hạnh- Phó Tổng Giám đốc của Xếp dỡ Hải An chỉ mua vào 459.500 cổ phiếu HAH trong tổng số 1 triệu cổ phiếu đăng ký mua.,[HAH] Lãnh đạo Xếp dỡ Hải An không mua hết 1 triệu cổ phiếu HAH đã đăng ký. Do diễn biến thị trường không như kỳ vọng nên ông Vũ Doãn Hạnh- Phó Tổng Giám đốc của Xếp dỡ Hải An chỉ mua vào 459.500 cổ phiếu HAH trong tổng số 1 triệu cổ phiếu đăng ký mua.,https://cafef.vn/lanh-dao-xep-do-hai-an-khong-mua-het-1-trieu-co-phieu-hah-da-dang-ky-188260125090044216.chn,,,False
5ffca4137cfa,2026-02-19,HVN,True,"Vietnam Airlines đầu tư 50 máy bay Boeing 737-8 trị giá lên đến 8,1 tỉ USD","Vietnam Airlines đầu tư 50 máy bay Boeing 737-8 trị giá lên đến 8,1 tỉ USD, tăng tốc chiến lược phát triển đội tàu bay.","[HVN] Vietnam Airlines đầu tư 50 máy bay Boeing 737-8 trị giá lên đến 8,1 tỉ USD. Vietnam Airlines đầu tư 50 máy bay Boeing 737-8 trị giá lên đến 8,1 tỉ USD, tăng tốc chiến lược phát triển đội tàu bay.",https://cafef.vn/vietnam-airlines-dau-tu-50-may-bay-boeing-737-8-tri-gia-len-den-81-ti-usd-18826021911262434.chn,POSITIVE,,False
56bf78a953f9,2025-12-17,VIC,True,"Vingroup của tỷ phú Phạm Nhật Vượng đã lấy ý kiến người dân ở một xã Hà Nội về KĐT thể thao Olympic có sân vận động 135.000 chỗ, lớn nhất thế giới","Các cơ quan, đơn vị, cá nhân và cộng đồng dân cư đã tham gia ý kiến đối với nội dung Đồ án Quy hoạch chi tiết tỷ lệ 1/500 Khu đô thị thể thao Olympic - Khu B.","[VIC] Vingroup của tỷ phú Phạm Nhật Vượng đã lấy ý kiến người dân ở một xã Hà Nội về KĐT thể thao Olympic có sân vận động 135.000 chỗ, lớn nhất thế giới. Các cơ quan, đơn vị, cá nhân và cộng đồng dân cư đã tham gia ý kiến đối với nội dung Đồ án Quy hoạch chi tiết tỷ lệ 1/500 Khu đô thị thể thao Olympic - Khu B.",https://cafef.vn/qua-nhanh-vingroup-cua-ty-phu-pham-nhat-vuong-da-lay-y-kien-nguoi-dan-o-mot-xa-ha-noi-ve-kdt-the-thao-olympic-co-san-van-dong-135000-cho-lon-nhat-the-gioi-18825121711125186.chn,POSITIVE,,False
d2d90501b2e8,2026-04-29,VCG,True,"Ông Nguyễn Xuân Đông từ chức, Vinaconex bổ nhiệm Tổng Giám đốc mới","Cách đây không lâu, Vinaconex cũng bổ nhiệm Chủ tịch Hội đồng quản trị.","[VCG] Ông Nguyễn Xuân Đông từ chức, Vinaconex bổ nhiệm Tổng Giám đốc mới. Cách đây không lâu, Vinaconex cũng bổ nhiệm Chủ tịch Hội đồng quản trị.",https://cafef.vn/ong-nguyen-xuan-dong-tu-chuc-vinaconex-bo-nhiem-tong-giam-doc-moi-188260429190325454.chn,NEUTRAL,,False
6744d6b96d6d,2025-03-18,NAB,True,NAB – Lựa chọn của các quỹ  ETF,"Trong đợt review quý 1/2025 công bố vào cuối tuần qua, MarketVector Indexes đã bổ sung mã cổ phiếu NAB của Ngân hàng TMCP Nam Á (Nam A Bank) vào danh mục MarketVector Vietnam Local Index - chỉ số tham chiếu cho quỹ trăm triệu đô VanEck Vectors Vietnam ETF (VNM ETF).","[NAB] NAB – Lựa chọn của các quỹ ETF. Trong đợt review quý 1/2025 công bố vào cuối tuần qua, MarketVector Indexes đã bổ sung mã cổ phiếu NAB của Ngân hàng TMCP Nam Á (Nam A Bank) vào danh mục MarketVector Vietnam Local Index - chỉ số tham chiếu cho quỹ trăm triệu đô VanEck Vectors Vietnam ETF (VNM ETF).",https://cafef.vn/nab-lua-chon-cua-cac-quy-etf-188250318154015563.chn,POSITIVE,"NAB được bổ sung vào VNM ETF — vào danh mục quỹ lớn, dòng tiền tự động đổ vào",True
5b6095e3339f,2026-05-04,MSN,False,"Lãi quý I/2026 cao kỷ lục, Masan kỳ vọng lợi nhuận 6 tháng đầu năm đạt 4.600 tỷ đồng","Sau quý I/2026 đạt lợi nhuận cao kỷ lục và bước sang quý II với tăng trưởng đang đi đúng kế hoạch, Masan kỳ vọng kết quả kinh doanh nửa đầu năm 2026 sẽ ghi nhận kết quả tích cực, với doanh thu và lợi nhuận sau thuế ước đạt lần lượt 51.500 tỷ đồng và 4.600 tỷ đồng, tăng tương ứng 38% và 76% so với cùng kỳ.","[MSN] Lãi quý I/2026 cao kỷ lục, Masan kỳ vọng lợi nhuận 6 tháng đầu năm đạt 4.600 tỷ đồng. Sau quý I/2026 đạt lợi nhuận cao kỷ lục và bước sang quý II với tăng trưởng đang đi đúng kế hoạch, Masan kỳ vọng kết quả kinh doanh nửa đầu năm 2026 sẽ ghi nhận kết quả tích cực, với doanh thu và lợi nhuận sau thuế ước đạt lần lượt 51.500 tỷ đồng và 4.600 tỷ đồng, tăng tương ứng 38% và 76% so với cùng kỳ.",https://cafef.vn/lai-quy-i-2026-cao-ky-luc-masan-ky-vong-loi-nhuan-6-thang-dau-nam-dat-4600-ty-dong-188260504134422499.chn,POSITIVE,"Lãi Q1 cao kỷ lục, kỳ vọng H1 tăng 76% YoY — KQKD vượt trội rõ ràng",True
2d4f2cd190c8,2025-09-19,HDG,True,Quỹ ngoại Phần Lan vừa mua vào 2 triệu cổ phiếu Hà Đô,"Quỹ ngoại Pyn Elite Fund vừa mua vào thành công 2 triệu cổ phiếu HDG, qua đó tăng tỷ lệ sở hữu lên 8,27% vốn tại Tập đoàn Hà Đô.","[HDG] Quỹ ngoại Phần Lan vừa mua vào 2 triệu cổ phiếu Hà Đô. Quỹ ngoại Pyn Elite Fund vừa mua vào thành công 2 triệu cổ phiếu HDG, qua đó tăng tỷ lệ sở hữu lên 8,27% vốn tại Tập đoàn Hà Đô.",https://cafef.vn/quy-ngoai-phan-lan-vua-mua-vao-2-trieu-co-phieu-ha-do-188250919141754668.chn,,,False
348ee8a9a14b,2025-02-14,VCB,True,"Giữa làn sóng tái cấu trúc nhân sự, Vietcombank thông báo tuyển thêm 272 nhân viên ngay đầu năm, nhiều vị trí không yêu cầu kinh nghiệm","Vietcombank lưu ý chỉ nhận hồ sơ ứng viên tốt nghiệp Đại học hệ tập trung chính quy/liên kết (không bao gồm hệ liên thông, tại chức, văn bằng 2, vừa học vừa làm) của các trường Đại học theo quy định của Vietcombank. Đào tạo Thạc sỹ trở lên chỉ là tiêu chí ưu tiên.","[VCB] Giữa làn sóng tái cấu trúc nhân sự, Vietcombank thông báo tuyển thêm 272 nhân viên ngay đầu năm, nhiều vị trí không yêu cầu kinh nghiệm. Vietcombank lưu ý chỉ nhận hồ sơ ứng viên tốt nghiệp Đại học hệ tập trung chính quy/liên kết (không bao gồm hệ liên thông, tại chức, văn bằng 2, vừa học vừa làm) của các trường Đại học theo quy định của Vietcombank. Đào tạo Thạc sỹ trở lên chỉ là tiêu chí ưu tiên.",https://cafef.vn/giua-lan-song-tai-cau-truc-nhan-su-vietcombank-thong-bao-tuyen-them-272-nhan-vien-ngay-dau-nam-nhieu-vi-tri-khong-yeu-cau-kinh-nghiem-188250214095441189.chn,NEUTRAL,"Tuyển dụng 272 nhân viên — hoạt động vận hành thường kỳ, không tác động tài chính rõ",True
9eed32404dc2,2025-08-30,MSB,True,Vay thế chấp linh hoạt chỉ trong 4 giờ với M-Flex của MSB,"Doanh nghiệp có thể thực hiện vay thế chấp linh hoạt 100% online với hạn mức lên tới 15 tỷ đồng thông qua giải pháp M-Flex của MSB, thời gian phê duyệt chỉ trong vòng 4 giờ.","[MSB] Vay thế chấp linh hoạt chỉ trong 4 giờ với M-Flex của MSB. Doanh nghiệp có thể thực hiện vay thế chấp linh hoạt 100% online với hạn mức lên tới 15 tỷ đồng thông qua giải pháp M-Flex của MSB, thời gian phê duyệt chỉ trong vòng 4 giờ.",https://cafef.vn/vay-the-chap-linh-hoat-chi-trong-4-gio-voi-m-flex-cua-msb-188250830125338332.chn,NEUTRAL,"Ra mắt sản phẩm vay trực tuyến mới — PR sản phẩm, chưa rõ tác động doanh thu",True
90da780a07f4,2026-04-29,TCX,False,TCBS sẽ phát hành hơn 462 triệu cổ phiếu trả cổ tức,"TCBS sẽ phát hành 462,3 triệu cổ phiếu để trả cổ tức cho cổ đông. Tỷ lệ thực hiện quyền 5:1.","[TCX] TCBS sẽ phát hành hơn 462 triệu cổ phiếu trả cổ tức. TCBS sẽ phát hành 462,3 triệu cổ phiếu để trả cổ tức cho cổ đông. Tỷ lệ thực hiện quyền 5:1.",https://cafef.vn/tcbs-se-phat-hanh-hon-462-trieu-co-phieu-tra-co-tuc-188260429195313184.chn,NEGATIVE,,False
dd79cbe74c7a,2026-05-11,HSG,True,Tập đoàn Hoa Sen lên tiếng về cáo buộc bán phá giá tôn thép mạ tại Úc,"Tập đoàn Hoa Sen cho rằng về vụ điều tra thép mạ kẽm tại Australia, mức 56,21% chưa phải kết luận mà chỉ là cáo buộc ban đầu.","[HSG] Tập đoàn Hoa Sen lên tiếng về cáo buộc bán phá giá tôn thép mạ tại Úc. Tập đoàn Hoa Sen cho rằng về vụ điều tra thép mạ kẽm tại Australia, mức 56,21% chưa phải kết luận mà chỉ là cáo buộc ban đầu.",https://cafef.vn/tap-doan-hoa-sen-len-tieng-ve-cao-buoc-ban-pha-gia-ton-thep-ma-tai-uc-188260511200920232.chn,,,False
f97b5f1c967b,2026-01-04,CTG,True,"Từ ngày mai, VietinBank sẽ ""đóng băng"" giao dịch thẻ với trường hợp sau","Nhóm khách hàng này sẽ bị tạm gián đoạn toàn bộ giao dịch thẻ từ ngày mai, 5/1/2026.","[CTG] Từ ngày mai, VietinBank sẽ ""đóng băng"" giao dịch thẻ với trường hợp sau. Nhóm khách hàng này sẽ bị tạm gián đoạn toàn bộ giao dịch thẻ từ ngày mai, 5/1/2026.",https://cafef.vn/tu-ngay-mai-vietinbank-se-dong-bang-giao-dich-the-voi-truong-hop-sau-188260104191808477.chn,NEUTRAL,"A&B Shopping Mall tái định vị — PR chiến lược thương hiệu, chưa có số liệu tài chính cụ thể",True
483f548a6296,2026-01-15,VHC,True,"Con gái Chủ tịch Vĩnh Hoàn hoàn tất mua vào 5,7 triệu cổ phiếu VHC đã đăng ký","Bà Lê Ngọc Tiên- con gái bà Trương Thị Lệ Khanh, Chủ tịch HĐQT của Vĩnh Hoàn, đã mua vào thành công 5,7 triệu cổ phiếu VHC, qua đó sở hữu 2,54% vốn công ty.","[VHC] Con gái Chủ tịch Vĩnh Hoàn hoàn tất mua vào 5,7 triệu cổ phiếu VHC đã đăng ký. Bà Lê Ngọc Tiên- con gái bà Trương Thị Lệ Khanh, Chủ tịch HĐQT của Vĩnh Hoàn, đã mua vào thành công 5,7 triệu cổ phiếu VHC, qua đó sở hữu 2,54% vốn công ty.",https://cafef.vn/con-gai-chu-tich-vinh-hoan-hoan-tat-mua-vao-57-trieu-co-phieu-vhc-da-dang-ky-18826011510041746.chn,POSITIVE,Con gái Chủ tịch VHC mua 5.7 triệu cp VHC — insider gia đình mua vào,True
5901168a17d7,2026-01-12,CAN,True,Ghi nhận tình hình thu hồi đồ hộp Hạ Long: Nhiều cửa hàng Bách Hóa Xanh và WinMart+ sẵn sàng hoàn tiền cho khách dù không còn hóa đơn,"Hiện tại, các hệ thống bán lẻ như Bách Hóa Xanh, WinMart+... đã đồng loạt thu hồi pate Hạ Long Canfoco và sẵn sàng hoàn tiền, đổi trả cho khách hàng.","[CAN] Ghi nhận tình hình thu hồi đồ hộp Hạ Long: Nhiều cửa hàng Bách Hóa Xanh và WinMart+ sẵn sàng hoàn tiền cho khách dù không còn hóa đơn. Hiện tại, các hệ thống bán lẻ như Bách Hóa Xanh, WinMart+... đã đồng loạt thu hồi pate Hạ Long Canfoco và sẵn sàng hoàn tiền, đổi trả cho khách hàng.",https://cafef.vn/ghi-nhan-tinh-hinh-thu-hoi-do-hop-ha-long-nhieu-cua-hang-bach-hoa-xanh-va-winmart-san-sang-hoan-tien-cho-khach-du-khong-con-hoa-don-188260112155702719.chn,POSITIVE,,False
37f10e38462a,2026-07-29,TCB,True,Lộ diện 'đại gia' gửi hàng trăm tỷ đồng không kỳ hạn,"Báo cáo tài chính hợp nhất 6 tháng đầu năm 2026 của Techcombank hé lộ danh sách nhiều doanh nghiệp trong hệ sinh thái Masan, One Mount và Masterise đang duy trì lượng tiền gửi không kỳ hạn (CASA) quy mô lớn tại ngân hàng. Đáng chú ý, có doanh nghiệp lần đầu xuất hiện với số dư gần 870 tỷ đồng, trong khi nhiều đơn vị khác đang gửi từ vài chục đến hàng trăm tỷ đồng.","[TCB] Lộ diện 'đại gia' gửi hàng trăm tỷ đồng không kỳ hạn. Báo cáo tài chính hợp nhất 6 tháng đầu năm 2026 của Techcombank hé lộ danh sách nhiều doanh nghiệp trong hệ sinh thái Masan, One Mount và Masterise đang duy trì lượng tiền gửi không kỳ hạn (CASA) quy mô lớn tại ngân hàng. Đáng chú ý, có doanh nghiệp lần đầu xuất hiện với số dư gần 870 tỷ đồng, trong khi nhiều đơn vị khác đang gửi từ vài chục đến hàng trăm tỷ đồng.",https://cafef.vn/lo-dien-dai-gia-gui-hang-tram-ty-dong-khong-ky-han-188260729212211375.chn,POSITIVE,,False
2b0b249dd39f,2025-10-29,TOS,True,"Lộ diện doanh nghiệp quân đội có thị giá top đầu, quý 3 lãi gấp 3 lần cùng kỳ, LNTT 9 tháng gần 1.000 tỷ","CTCP Dịch vụ Biển Tân Cảng (TOS) vừa công bố BCTC hợp nhất Quý 3/2025 với kết quả kinh doanh tăng trưởng đột biến, ghi nhận lợi nhuận gấp 3 lần cùng kỳ năm trước.","[TOS] Lộ diện doanh nghiệp quân đội có thị giá top đầu, quý 3 lãi gấp 3 lần cùng kỳ, LNTT 9 tháng gần 1.000 tỷ. CTCP Dịch vụ Biển Tân Cảng (TOS) vừa công bố BCTC hợp nhất Quý 3/2025 với kết quả kinh doanh tăng trưởng đột biến, ghi nhận lợi nhuận gấp 3 lần cùng kỳ năm trước.",https://cafef.vn/lo-dien-doanh-nghiep-quan-doi-co-thi-gia-top-dau-bao-lai-quy-3-gap-3-lan-cung-ky-188251029093321236.chn,POSITIVE,,False
91569950a8b0,2024-12-30,VIB,True,Nhật ký thẻ VIB: Điểm chạm ý nghĩa trên hành trình cá nhân hóa trải nghiệm thẻ,"Trong tuần 20-27.12.2024, gần 900.000 chủ thẻ tín dụng vừa nhận được email Nhật ký thẻ từ ngân hàng Quốc Tế (VIB). Đây không chỉ là một email tổng kết năm, giúp chủ thẻ VIB nhìn lại hành trình tài chính của mình mà còn là một cầu nối ý nghĩa, giúp tăng cường sự gắn kết của khách hàng với ngân hàng.","[VIB] Nhật ký thẻ VIB: Điểm chạm ý nghĩa trên hành trình cá nhân hóa trải nghiệm thẻ. Trong tuần 20-27.12.2024, gần 900.000 chủ thẻ tín dụng vừa nhận được email Nhật ký thẻ từ ngân hàng Quốc Tế (VIB). Đây không chỉ là một email tổng kết năm, giúp chủ thẻ VIB nhìn lại hành trình tài chính của mình mà còn là một cầu nối ý nghĩa, giúp tăng cường sự gắn kết của khách hàng với ngân hàng.",https://cafef.vn/nhat-ky-the-vib-diem-cham-y-nghia-tren-hanh-trinh-ca-nhan-hoa-trai-nghiem-the-188241230074618604.chn,,,False
e9f6c3211973,2025-11-21,PGB,True,Thành viên HĐQT PGBank thay đổi kế hoạch mua cổ phiếu,Thành viên HĐQT Đinh Thành Nghiệp và vợ không thực hiện mua vào cổ phiếu PGB như đã đăng ký do cá nhân không có nhu cầu mua tại thời điểm này.,[PGB] Thành viên HĐQT PGBank thay đổi kế hoạch mua cổ phiếu. Thành viên HĐQT Đinh Thành Nghiệp và vợ không thực hiện mua vào cổ phiếu PGB như đã đăng ký do cá nhân không có nhu cầu mua tại thời điểm này.,https://cafef.vn/thanh-vien-hdqt-pgbank-khong-mua-vao-co-phieu-nhu-da-dang-ky-188251121155859266.chn,NEGATIVE,Thành viên HĐQT huỷ kế hoạch mua cổ phiếu PGB — tín hiệu giảm niềm tin của insider,True
90d7899360be,2025-12-17,GTD,True,"Hà Nội bán đấu giá thành công cổ phần Giầy Thượng Đình, thu về hơn 1.379 tỷ đồng","UBND TP.Hà Nội đã hoàn tất phiên đấu giá gần 6,4 triệu cổ phiếu của Giầy Thượng Đình với giá bình quân 215.999 đồng/cổ phiếu, ước tính thu về hơn 1.379 tỷ đồng.","[GTD] Hà Nội bán đấu giá thành công cổ phần Giầy Thượng Đình, thu về hơn 1.379 tỷ đồng. UBND TP.Hà Nội đã hoàn tất phiên đấu giá gần 6,4 triệu cổ phiếu của Giầy Thượng Đình với giá bình quân 215.999 đồng/cổ phiếu, ước tính thu về hơn 1.379 tỷ đồng.",https://cafef.vn/ha-noi-ban-dau-gia-thanh-cong-co-phan-giay-thuong-dinh-thu-ve-hon-1379-ty-dong-188251217133410338.chn,POSITIVE,,False
f37bf5c2fcc0,2026-05-13,MWG,True,Lãnh đạo MWG nói gì về mục tiêu IPO Bách Hóa Xanh?,Mục tiêu Bách Hóa Xanh đề ra là hoàn thành IPO trong 3 năm tới. Chuỗi hiện đã có lãi 1–2 năm và kỳ vọng tiếp tục có lãi trong năm 2026 đủ điều kiện 3 năm liên tiếp. Còn lại là phải xóa lỗ lũy kế.,[MWG] Lãnh đạo MWG nói gì về mục tiêu IPO Bách Hóa Xanh?. Mục tiêu Bách Hóa Xanh đề ra là hoàn thành IPO trong 3 năm tới. Chuỗi hiện đã có lãi 1–2 năm và kỳ vọng tiếp tục có lãi trong năm 2026 đủ điều kiện 3 năm liên tiếp. Còn lại là phải xóa lỗ lũy kế.,https://cafef.vn/lanh-dao-mwg-noi-gi-ve-muc-tieu-ipo-bach-hoa-xanh-188260513152149545.chn,POSITIVE,,False
3c38e359a6d2,2025-09-28,DIG,True,"DIC Corp (DIG) báo lãi 9 tháng tăng gấp 5 lần, nhưng mới hoàn thành 29% kế hoạch, hé lộ thương vụ đem về 748 tỷ lợi nhuận gộp","Tại buổi Analyst Meeting diễn ra chiều ngày 26/09, ban lãnh đạo Tổng CTCP Đầu tư Phát triển Xây dựng (DIC Corp, HoSE: DIG) đã chia sẻ những kết quả kinh doanh ước tính 9 tháng đầu năm 2025 với sự tăng trưởng đột biến, đồng thời hé lộ những cơ sở để tự tin hoàn thành kế hoạch cả năm dù mới đi được hơn 1/4 chặng đường lợi nhuận.","[DIG] DIC Corp (DIG) báo lãi 9 tháng tăng gấp 5 lần, nhưng mới hoàn thành 29% kế hoạch, hé lộ thương vụ đem về 748 tỷ lợi nhuận gộp. Tại buổi Analyst Meeting diễn ra chiều ngày 26/09, ban lãnh đạo Tổng CTCP Đầu tư Phát triển Xây dựng (DIC Corp, HoSE: DIG) đã chia sẻ những kết quả kinh doanh ước tính 9 tháng đầu năm 2025 với sự tăng trưởng đột biến, đồng thời hé lộ những cơ sở để tự tin hoàn thành kế hoạch cả năm dù mới đi được hơn 1/4 chặng đường lợi nhuận.",https://cafef.vn/dic-corp-dig-bao-lai-9-thang-tang-gap-5-lan-nhung-moi-hoan-thanh-29-ke-hoach-he-lo-thuong-vu-dem-ve-748-ty-loi-nhuan-gop-188250928080938718.chn,POSITIVE,"Lãi 9 tháng tăng gấp 5 lần YoY, hé lộ thương vụ 748 tỷ lợi nhuận gộp — KQKD đột biến",True
3a817d5e5562,2025-04-08,ACB,True,Một ngân hàng vừa giải ngân 700 tỉ đồng cho người trẻ vay mua nhà,"Sáng 8-4, Ngân hàng TMCP Á Châu (ACB) tổ chức Đại hội đồng cổ đông thường niên 2025 với nhiều thông tin tích cực.","[ACB] Một ngân hàng vừa giải ngân 700 tỉ đồng cho người trẻ vay mua nhà. Sáng 8-4, Ngân hàng TMCP Á Châu (ACB) tổ chức Đại hội đồng cổ đông thường niên 2025 với nhiều thông tin tích cực.",https://cafef.vn/mot-ngan-hang-vua-giai-ngan-700-ti-dong-cho-nguoi-tre-vay-mua-nha-188250408143729144.chn,POSITIVE,,False
7b7485243b21,2025-09-28,VIB,True,"VIB và hành trình kiến tạo hệ sinh thái thẻ toàn diện với Visa, Mastercard và American Express","Khi bắt đầu chuyển đổi mảng thẻ tín dụng, Ngân hàng Quốc Tế (VIB) đã đặt ra một tầm nhìn táo bạo: ""Dẫn đầu xu thế thẻ"" tại Việt Nam. Đó không chỉ là một mục tiêu, mà còn là một chiến lược cốt lõi, cam kết mang trải nghiệm chi tiêu của người Việt tiệm cận với chuẩn mực toàn cầu.","[VIB] VIB và hành trình kiến tạo hệ sinh thái thẻ toàn diện với Visa, Mastercard và American Express. Khi bắt đầu chuyển đổi mảng thẻ tín dụng, Ngân hàng Quốc Tế (VIB) đã đặt ra một tầm nhìn táo bạo: ""Dẫn đầu xu thế thẻ"" tại Việt Nam. Đó không chỉ là một mục tiêu, mà còn là một chiến lược cốt lõi, cam kết mang trải nghiệm chi tiêu của người Việt tiệm cận với chuẩn mực toàn cầu.",https://cafef.vn/vib-va-hanh-trinh-kien-tao-he-sinh-thai-the-toan-dien-voi-visa-mastercard-va-american-express-188250928225658477.chn,,,False
e0d4509742aa,2026-05-04,PLX,True,Petrolimex khuyến nghị thận trọng với thông tin chưa kiểm chứng,"Trước những diễn biến phức tạp trên các nền tảng mạng xã hội, Tập đoàn Xăng dầu Việt Nam (Petrolimex - Mã: PLX) vừa chính thức lên tiếng cảnh báo về tình trạng xuất hiện nhiều thông tin, số liệu chưa xác thực liên quan đến tình hình tài chính của Tập đoàn.","[PLX] Petrolimex khuyến nghị thận trọng với thông tin chưa kiểm chứng. Trước những diễn biến phức tạp trên các nền tảng mạng xã hội, Tập đoàn Xăng dầu Việt Nam (Petrolimex - Mã: PLX) vừa chính thức lên tiếng cảnh báo về tình trạng xuất hiện nhiều thông tin, số liệu chưa xác thực liên quan đến tình hình tài chính của Tập đoàn.",https://cafef.vn/petrolimex-khuyen-nghi-than-trong-voi-thong-tin-chua-kiem-chung-188260504120908242.chn,NEUTRAL,,False
9a22fa7a5736,2025-06-30,HTN,True,"Sếp Hưng Thịnh Incons tiết lộ Hưng Thịnh đã giảm được 65% nợ lãi, hưởng lợi từ sáp nhập tỉnh thành",Hồ Tràm cũng vừa sáp nhập vào TP.HCM – nơi Hưng Thịnh đang sở hữu quỹ đất đáng kể.,"[HTN] Sếp Hưng Thịnh Incons tiết lộ Hưng Thịnh đã giảm được 65% nợ lãi, hưởng lợi từ sáp nhập tỉnh thành. Hồ Tràm cũng vừa sáp nhập vào TP.HCM – nơi Hưng Thịnh đang sở hữu quỹ đất đáng kể.",https://cafef.vn/sep-hung-thinh-incons-tiet-lo-hung-thinh-da-giam-duoc-65-no-lai-huong-loi-tu-sap-nhap-tinh-thanh-188250630151618484.chn,,,False
071b45c62114,2026-05-12,VIC,True,"Loạt “ông lớn” Vingroup, Sun Group, BRG, Mường Thanh… “đổ bộ” về tỉnh biên giới giáp Trung Quốc và Lào","Tỉnh Điện Biên vừa đón dòng vốn hơn 257.000 tỷ đồng từ loạt doanh nghiệp Vingroup, Sun Group, BRG, TH, CT Group, Kita Group, Mường Thanh,...","[VIC] Loạt “ông lớn” Vingroup, Sun Group, BRG, Mường Thanh… “đổ bộ” về tỉnh biên giới giáp Trung Quốc và Lào. Tỉnh Điện Biên vừa đón dòng vốn hơn 257.000 tỷ đồng từ loạt doanh nghiệp Vingroup, Sun Group, BRG, TH, CT Group, Kita Group, Mường Thanh,...",https://cafef.vn/loat-ong-lon-vingroup-sun-group-brg-muong-thanh-do-bo-ve-tinh-bien-gioi-giap-trung-quoc-va-lao-188260512065712913.chn,POSITIVE,,False
f6f5dbfa1f25,2026-06-17,CAN,True,Động thái bất ngờ của Nhà máy Đồ hộp Hạ Long sau 5 tháng dừng hoạt động vì vụ thịt nhiễm bệnh,"Theo doanh nghiệp, quá trình vận hành trở lại được triển khai trên cơ sở đặt an toàn thực phẩm và kiểm soát chất lượng lên hàng đầu. Công ty cam kết đảm bảo tính minh bạch trong công bố thông tin, tuân thủ đầy đủ các quy định pháp luật, đồng thời tăng cường công tác giám sát nội bộ và cải tiến quy trình sản xuất.","[CAN] Động thái bất ngờ của Nhà máy Đồ hộp Hạ Long sau 5 tháng dừng hoạt động vì vụ thịt nhiễm bệnh. Theo doanh nghiệp, quá trình vận hành trở lại được triển khai trên cơ sở đặt an toàn thực phẩm và kiểm soát chất lượng lên hàng đầu. Công ty cam kết đảm bảo tính minh bạch trong công bố thông tin, tuân thủ đầy đủ các quy định pháp luật, đồng thời tăng cường công tác giám sát nội bộ và cải tiến quy trình sản xuất.",https://cafef.vn/dong-thai-bat-ngo-cua-nha-may-do-hop-ha-long-sau-5-thang-dung-hoat-dong-vi-vu-thit-nhiem-benh-188260617093351556.chn,,,False
5ffd6039755d,2025-05-19,SHB,True,"Ngày 10/6, SHB chốt danh sách cổ đông để chi trả cổ tức bằng tiền năm 2024","Ngân hàng Sài Gòn – Hà Nội (SHB) vừa thông báo về ngày chốt danh sách cổ đông để chi trả cổ tức năm 2024 bằng tiền mặt với tỷ lệ 5%. Theo Nghị quyết ĐHĐCĐ thường niên năm 2025, SHB chi trả cổ tức năm 2024 với tổng tỷ lệ 18%, gồm 5% bằng tiền và 13% bằng cổ phiếu.","[SHB] Ngày 10/6, SHB chốt danh sách cổ đông để chi trả cổ tức bằng tiền năm 2024. Ngân hàng Sài Gòn – Hà Nội (SHB) vừa thông báo về ngày chốt danh sách cổ đông để chi trả cổ tức năm 2024 bằng tiền mặt với tỷ lệ 5%. Theo Nghị quyết ĐHĐCĐ thường niên năm 2025, SHB chi trả cổ tức năm 2024 với tổng tỷ lệ 18%, gồm 5% bằng tiền và 13% bằng cổ phiếu.",https://cafef.vn/ngay-10-6-shb-chot-danh-sach-co-dong-de-chi-tra-co-tuc-bang-tien-nam-2024-188250519105552959.chn,POSITIVE,SHB chia cổ tức tiền mặt 5% ngày 10/6 — dòng tiền thực về tay cổ đông SHB,True
7eae6fede222,2026-07-15,BCG,False,"Cổ phiếu bị hủy niêm yết, CEO Bamboo Capital viết tâm thư xin lỗi cổ đông",Lãnh đạo Bamboo Capital cho biết việc hủy niêm yết không đồng nghĩa với việc chấm dứt tư cách pháp nhân của công ty.,"[BCG] Cổ phiếu bị hủy niêm yết, CEO Bamboo Capital viết tâm thư xin lỗi cổ đông. Lãnh đạo Bamboo Capital cho biết việc hủy niêm yết không đồng nghĩa với việc chấm dứt tư cách pháp nhân của công ty.",https://cafef.vn/co-phieu-bi-huy-niem-yet-ceo-bamboo-capital-viet-tam-thu-xin-loi-co-dong-188260715165539139.chn,NEGATIVE,"Cổ phiếu bị huỷ niêm yết, CEO viết tâm thư xin lỗi — kết cục cực tiêu cực",True
4a13d0e017a9,2026-07-08,HVN,True,"Chuyến bay không có bất kỳ hành khách nào cất cánh đã trở về Nội Bài, lập kỳ tích bay dài thứ 2 thế giới","Vietnam Airlines ghi nhận chuyến bay dài thứ hai từng được thực hiện bằng Airbus A350, chỉ đứng sau chuyến bay kỷ lục khoảng 17.000 km của Không quân Đức năm 2020. Hành trình này cũng dài hơn các chuyến bay thương mại giữa Singapore và New York do Singapore Airlines khai thác bằng Airbus A350-900ULR.","[HVN] Chuyến bay không có bất kỳ hành khách nào cất cánh đã trở về Nội Bài, lập kỳ tích bay dài thứ 2 thế giới. Vietnam Airlines ghi nhận chuyến bay dài thứ hai từng được thực hiện bằng Airbus A350, chỉ đứng sau chuyến bay kỷ lục khoảng 17.000 km của Không quân Đức năm 2020. Hành trình này cũng dài hơn các chuyến bay thương mại giữa Singapore và New York do Singapore Airlines khai thác bằng Airbus A350-900ULR.",https://cafef.vn/chuyen-bay-khong-co-bat-ky-hanh-khach-nao-cat-canh-da-tro-ve-noi-bai-lap-ky-tich-bay-dai-thu-2-the-gioi-188260708095620406.chn,NEUTRAL,VNA thực hiện chuyến bay ferry không hành khách lập kỷ lục kỹ thuật — PR kỹ thuật hàng không,True
a87fb131c3d7,2026-07-08,VAB,True,Tổ chức liên quan đến Phó Chủ tịch VietABank đăng ký bán 1 triệu cổ phiếu VAB,CTCP Đầu tư Phát triển Công nghiệp Thương mại Củ Chi đăng ký bán ra 1 triệu cổ phiếu VAB trong thời gian từ 10/7 đến 7/8/2026.,[VAB] Tổ chức liên quan đến Phó Chủ tịch VietABank đăng ký bán 1 triệu cổ phiếu VAB. CTCP Đầu tư Phát triển Công nghiệp Thương mại Củ Chi đăng ký bán ra 1 triệu cổ phiếu VAB trong thời gian từ 10/7 đến 7/8/2026.,https://cafef.vn/to-chuc-lien-quan-den-pho-chu-tich-vietabank-dang-ky-ban-1-trieu-co-phieu-vab-188260708111104337.chn,NEGATIVE,,False
933dee259c7f,2025-10-12,GEE,True,Điểm tên 4 doanh nghiệp Việt trên sàn bất ngờ báo lãi đột biến,"Lợi nhuận sau thuế quý 3/2025 của GELEX Electric tăng 329% so với cùng kỳ năm trước, đạt 1.791 tỉ đồng.","[GEE] Điểm tên 4 doanh nghiệp Việt trên sàn bất ngờ báo lãi đột biến. Lợi nhuận sau thuế quý 3/2025 của GELEX Electric tăng 329% so với cùng kỳ năm trước, đạt 1.791 tỉ đồng.",https://cafef.vn/diem-ten-4-doanh-nghiep-viet-tren-san-bat-ngo-bao-lai-dot-bien-188251012182000043.chn,POSITIVE,"GELEX Electric lãi Q3 tăng 329% YoY — KQKD đột biến tích cực, bài đề cập GEE",True
56f1f48e7533,2026-05-11,SHB,True,Lãi suất ngân hàng SHB mới nhất tháng 5/2026: Gửi kỳ hạn nào nhận lãi suất cao nhất?,"Trong tháng 5/2026, SHB áp dụng mức lãi suất huy động cao nhất lên tới 6,70%/năm ở các kỳ hạn từ 24 tháng trở lên.","[SHB] Lãi suất ngân hàng SHB mới nhất tháng 5/2026: Gửi kỳ hạn nào nhận lãi suất cao nhất?. Trong tháng 5/2026, SHB áp dụng mức lãi suất huy động cao nhất lên tới 6,70%/năm ở các kỳ hạn từ 24 tháng trở lên.",https://cafef.vn/lai-suat-ngan-hang-shb-moi-nhat-thang-5-2026-gui-ky-han-nao-nhan-lai-suat-cao-nhat-188260511173403347.chn,,,False
3ad49a6aef43,2026-06-16,HVN,True,Tin vui với 27.000 cổ đông Vietnam Airlines,"Đóng cửa phiên sáng 16/6, HVN tiếp tục “tím trần”, qua đó tiến lên vùng giá 24.150 đồng/cp, mức cao nhất trong hơn 3 tháng qua.","[HVN] Tin vui với 27.000 cổ đông Vietnam Airlines. Đóng cửa phiên sáng 16/6, HVN tiếp tục “tím trần”, qua đó tiến lên vùng giá 24.150 đồng/cp, mức cao nhất trong hơn 3 tháng qua.",https://cafef.vn/tin-vui-voi-27000-co-dong-vietnam-airlines-188260616113653415.chn,POSITIVE,,False
ad1ba9a51f16,2025-09-24,HPG,True,"CTCK ước tính KQKD quý 3 ngành thép: Hòa Phát, Nam Kim, Tôn Đông Á tăng trưởng 2 con số, đột biến với Hoa Sen",Lợi nhuận một doanh nghiệp thép được dự báo tăng trưởng lên tới hơn 200% trong quý 3.,"[HPG] CTCK ước tính KQKD quý 3 ngành thép: Hòa Phát, Nam Kim, Tôn Đông Á tăng trưởng 2 con số, đột biến với Hoa Sen. Lợi nhuận một doanh nghiệp thép được dự báo tăng trưởng lên tới hơn 200% trong quý 3.",https://cafef.vn/ctck-uoc-tinh-kqkd-quy-3-nganh-thep-hoa-phat-nam-kim-ton-dong-a-tang-truong-2-con-so-dot-bien-voi-hoa-sen-18825092411170362.chn,,,False
7417c4db0c51,2026-07-13,PNJ,True,"Cổ phiếu PNJ ""thủng"" đáy, xuống thấp nhất 15 tháng","Bất chấp lực cầu ""bắt đáy"" xuất hiện trong những phiên gần đây, PNJ vẫn chưa tìm được điểm cân bằng.","[PNJ] Cổ phiếu PNJ ""thủng"" đáy, xuống thấp nhất 15 tháng. Bất chấp lực cầu ""bắt đáy"" xuất hiện trong những phiên gần đây, PNJ vẫn chưa tìm được điểm cân bằng.",https://cafef.vn/co-phieu-pnj-thung-day-xuong-thap-nhat-15-thang-188260713114808424.chn,NEGATIVE,"PNJ thủng đáy, xuống thấp nhất 15 tháng — giá cổ phiếu sụt giảm mạnh kéo dài",True
d6ffb0f27778,2026-07-08,ANT,True,"Antesco bứt tốc 6 tháng, cam kết cán mốc sản xuất 100.000 tấn/năm.","CTCP Rau quả Thực phẩm An Giang (Antesco, HoSE: ANT) dự kiến vận hành nhà máy chế biến rau quả tại Tây Ninh từ ngày 10 tháng 1 năm 2027, nâng tổng công suất toàn hệ thống từ 75.000 tấn/năm hiện nay lên trên 100.000 tấn/năm.","[ANT] Antesco bứt tốc 6 tháng, cam kết cán mốc sản xuất 100.000 tấn/năm.. CTCP Rau quả Thực phẩm An Giang (Antesco, HoSE: ANT) dự kiến vận hành nhà máy chế biến rau quả tại Tây Ninh từ ngày 10 tháng 1 năm 2027, nâng tổng công suất toàn hệ thống từ 75.000 tấn/năm hiện nay lên trên 100.000 tấn/năm.",https://cafef.vn/antesco-but-toc-6-thang-cam-ket-can-moc-san-xuat-100000-tan-nam-18826070816503977.chn,POSITIVE,,False
c04541ffa1b3,2025-10-11,TPB,True,"Hiểu fan Em Xinh 'Say Hi' hết cỡ, TPBank 'ghi điểm' tuyệt đối","Nhờ nhanh nhạy nắm bắt tâm lý khách hàng trẻ và người hâm mộ của chương trình Em Xinh “Say Hi”, TPBank dẫn đầu ngành ngân hàng về chỉ số cảm xúc tích cực trong các thảo luận trên mạng xã hội. Sau hai đêm concert bùng nổ cả về âm nhạc, thời trang và thảo luận, TPBank thăng hạng trong mắt giới trẻ với một hình ảnh gần gũi, dễ thương, thấu hiểu và củng cố thêm dấu ấn thương hiệu những trải nghiệm số đỉnh.","[TPB] Hiểu fan Em Xinh 'Say Hi' hết cỡ, TPBank 'ghi điểm' tuyệt đối. Nhờ nhanh nhạy nắm bắt tâm lý khách hàng trẻ và người hâm mộ của chương trình Em Xinh “Say Hi”, TPBank dẫn đầu ngành ngân hàng về chỉ số cảm xúc tích cực trong các thảo luận trên mạng xã hội. Sau hai đêm concert bùng nổ cả về âm nhạc, thời trang và thảo luận, TPBank thăng hạng trong mắt giới trẻ với một hình ảnh gần gũi, dễ thương, thấu hiểu và củng cố thêm dấu ấn thương hiệu những trải nghiệm số đỉnh.",https://cafef.vn/hieu-fan-em-xinh-say-hi-het-co-tpbank-ghi-diem-tuyet-doi-188251011181135857.chn,,,False
5c38fc8f461c,2026-02-09,VCB,True,Lãi suất ngân hàng Vietcombank mới nhất tháng 2/2026: Kỳ hạn nào có lãi suất cao nhất?,"Hiện, mức lãi suất cao nhất tại Vietcombank được áp dụng cho tiền gửi kỳ hạn dài từ 24 tháng trở lên.","[VCB] Lãi suất ngân hàng Vietcombank mới nhất tháng 2/2026: Kỳ hạn nào có lãi suất cao nhất?. Hiện, mức lãi suất cao nhất tại Vietcombank được áp dụng cho tiền gửi kỳ hạn dài từ 24 tháng trở lên.",https://cafef.vn/lai-suat-ngan-hang-vietcombank-moi-nhat-thang-2-2026-ky-han-nao-co-lai-suat-cao-nhat-188260209135921901.chn,NEUTRAL,"Bảng lãi suất tiết kiệm Vietcombank tháng 2/2026 — thông tin thị trường, không phải KQKD",True
25e5a2fd1334,2025-10-29,VSC,True,"Công ty logistics chi 2.000 tỷ đầu tư chứng khoán, tạm lãi 221 tỷ đồng","Bên cạnh kết quả kinh doanh cốt lõi tăng trưởng mạnh mẽ, báo cáo tài chính của Viconship (VSC) cũng cho thấy doanh nghiệp này đang duy trì một danh mục đầu tư chứng khoán kinh doanh với quy mô hàng nghìn tỷ đồng.","[VSC] Công ty logistics chi 2.000 tỷ đầu tư chứng khoán, tạm lãi 221 tỷ đồng. Bên cạnh kết quả kinh doanh cốt lõi tăng trưởng mạnh mẽ, báo cáo tài chính của Viconship (VSC) cũng cho thấy doanh nghiệp này đang duy trì một danh mục đầu tư chứng khoán kinh doanh với quy mô hàng nghìn tỷ đồng.",https://cafef.vn/cong-ty-logistics-chi-2000-ty-dau-tu-chung-khoan-tam-lai-221-ty-dong-188251029232011064.chn,POSITIVE,,False
fac5b10200b0,2025-09-18,DIC,True,DIC Corp chuyển nhượng thành công dự án Lam Hạ Center Point với giá hơn 1.327 tỷ đồng,DIC Corp vừa hoàn tất chuyển nhượng Dự án Khu nhà ở Lam Hạ Center Point với giá hơn 1.327 tỷ đồng.,[DIC] DIC Corp chuyển nhượng thành công dự án Lam Hạ Center Point với giá hơn 1.327 tỷ đồng. DIC Corp vừa hoàn tất chuyển nhượng Dự án Khu nhà ở Lam Hạ Center Point với giá hơn 1.327 tỷ đồng.,https://cafef.vn/dic-corp-chuyen-nhuong-thanh-cong-du-an-lam-ha-center-point-voi-gia-hon-1327-ty-dong-188250918145348751.chn,,,False
f03e050a8ab1,2026-06-05,CMC,True,CMC bổ nhiệm CEO 8x: Tốt nghiệp Thạc sĩ Viễn thông tại Pháp và Thạc sĩ Kinh doanh tại Thái Lan,"Tập đoàn Công nghệ CMC vừa công bố quyết định bổ nhiệm ông Đặng Tùng Sơn giữ chức Tổng giám đốc Tập đoàn từ ngày 1/6/2026. Việc bổ nhiệm nằm trong kế hoạch kiện toàn đội ngũ lãnh đạo cấp cao, chuẩn bị cho chu kỳ tăng trưởng mới giai đoạn 2026–2030.","[CMC] CMC bổ nhiệm CEO 8x: Tốt nghiệp Thạc sĩ Viễn thông tại Pháp và Thạc sĩ Kinh doanh tại Thái Lan. Tập đoàn Công nghệ CMC vừa công bố quyết định bổ nhiệm ông Đặng Tùng Sơn giữ chức Tổng giám đốc Tập đoàn từ ngày 1/6/2026. Việc bổ nhiệm nằm trong kế hoạch kiện toàn đội ngũ lãnh đạo cấp cao, chuẩn bị cho chu kỳ tăng trưởng mới giai đoạn 2026–2030.",https://cafef.vn/cmc-bo-nhiem-ceo-8x-tot-nghiep-thac-si-vien-thong-tai-phap-va-thac-si-kinh-doanh-tai-thai-lan-188260605154623419.chn,NEUTRAL,"CMC bổ nhiệm CEO 8x mới — thay đổi nhân sự, không rõ tác động tích cực hay tiêu cực",True
e33963d7cce5,2026-05-06,SSB,True,Khu du lịch 6.000 tỷ đồng từng lớn nhất Đông Nam Á của vợ chồng bà Nguyễn Phương Hằng tung chương trình đặc biệt trong duy nhất 1 ngày,Khu du lịch Đại Nam áp dụng chương trình ưu đãi quy mô lớn với miễn phí vé vào cổng và giảm 50% toàn bộ vé dịch vụ chỉ trong ngày duy nhất 19/5/2026.,[SSB] Khu du lịch 6.000 tỷ đồng từng lớn nhất Đông Nam Á của vợ chồng bà Nguyễn Phương Hằng tung chương trình đặc biệt trong duy nhất 1 ngày. Khu du lịch Đại Nam áp dụng chương trình ưu đãi quy mô lớn với miễn phí vé vào cổng và giảm 50% toàn bộ vé dịch vụ chỉ trong ngày duy nhất 19/5/2026.,https://cafef.vn/khu-du-lich-6000-ty-dong-tung-lon-nhat-dong-nam-a-cua-vo-chong-ba-nguyen-phuong-hang-tung-chuong-trinh-dac-biet-trong-duy-nhat-1-ngay-188260506063153109.chn,POSITIVE,,False
e2fc95c0a700,2026-04-13,IMP,True,Nhiều lãnh đạo công ty dược Imexpharm bán cổ phiếu,"Bà Trần Thị Đào - Tổng Giám đốc Công ty CP Dược phẩm Imexpharm - đăng ký bán 371.400 cổ phiếu IMP, ông Ngô Minh Tuấn - Phó Tổng Giám đốc Imexpharm - đăng ký bán 156.000 cổ phiếu IMP...","[IMP] Nhiều lãnh đạo công ty dược Imexpharm bán cổ phiếu. Bà Trần Thị Đào - Tổng Giám đốc Công ty CP Dược phẩm Imexpharm - đăng ký bán 371.400 cổ phiếu IMP, ông Ngô Minh Tuấn - Phó Tổng Giám đốc Imexpharm - đăng ký bán 156.000 cổ phiếu IMP...",https://cafef.vn/nhieu-lanh-dao-cong-ty-duoc-imexpharm-ban-co-phieu-188260413112432618.chn,,,False
20c9eae06596,2026-05-09,HPG,True,"""Cá mập"" ôm gần 30.000 tỷ vừa tới thăm nhà máy thép lớn nhất của Hoà Phát","Tính đến cuối tháng 4/2026, tỷ trọng cổ phiếu thép HPG trong danh mục cá mập này.","[HPG] ""Cá mập"" ôm gần 30.000 tỷ vừa tới thăm nhà máy thép lớn nhất của Hoà Phát. Tính đến cuối tháng 4/2026, tỷ trọng cổ phiếu thép HPG trong danh mục cá mập này.",https://cafef.vn/ca-map-om-gan-30000-ty-vua-toi-tham-nha-may-thep-lon-nhat-cua-hoa-phat-188260509171521614.chn,POSITIVE,,False
9dc8da98a45c,2025-04-29,KLB,True,Lợi nhuận của KienlongBank tăng 66% trong quý đầu năm 2025,"Trong bối cảnh kinh tế toàn cầu và trong nước tiếp tục đối mặt với nhiều thách thức, Ngân hàng TMCP Kiên Long (KienlongBank; UpCOM: KLB) đã ghi dấu ấn với kết quả kinh doanh nổi bật trong quý I/2025.","[KLB] Lợi nhuận của KienlongBank tăng 66% trong quý đầu năm 2025. Trong bối cảnh kinh tế toàn cầu và trong nước tiếp tục đối mặt với nhiều thách thức, Ngân hàng TMCP Kiên Long (KienlongBank; UpCOM: KLB) đã ghi dấu ấn với kết quả kinh doanh nổi bật trong quý I/2025.",https://cafef.vn/loi-nhuan-cua-kienlongbank-tang-66-trong-quy-dau-nam-2025-188250429104918566.chn,POSITIVE,Lợi nhuận Q1 tăng 66% YoY — KQKD rõ ràng tích cực,True
fa37afefe13d,2025-06-25,KBC,True,"Lộ diện 9 nhà đầu tư bỏ ra hơn 4.100 tỷ đồng mua cổ phiếu riêng lẻ của Kinh Bắc (KBC), VPBankS mua ""nhiệt tình"" nhất","Vốn điều lệ cũng tăng từ hơn 7.676 tỷ lên gần 9.418 tỷ đồng, tương đương gần 941,8 triệu cổ phiếu lưu hành.","[KBC] Lộ diện 9 nhà đầu tư bỏ ra hơn 4.100 tỷ đồng mua cổ phiếu riêng lẻ của Kinh Bắc (KBC), VPBankS mua ""nhiệt tình"" nhất. Vốn điều lệ cũng tăng từ hơn 7.676 tỷ lên gần 9.418 tỷ đồng, tương đương gần 941,8 triệu cổ phiếu lưu hành.",https://cafef.vn/lo-dien-9-nha-dau-tu-bo-ra-hon-4100-ty-dong-mua-co-phieu-rieng-le-cua-kinh-bac-kbc-vpbanks-mua-nhiet-tinh-nhat-188250625153513271.chn,POSITIVE,9 NĐT bỏ 4.100 tỷ mua cổ phiếu riêng lẻ KBC — đợt phát hành được tổ chức lớn chấp thuận,True
34b076e4462c,2025-08-06,DGC,False,Hóa chất Đức Giang đặt mục tiêu lãi 880 tỷ đồng trong quý III/2025,"Hóa chất Đức Giang đặt kế hoạch tổng doanh thu quý III/2025 dự kiến 2.907 tỷ đồng; lợi nhuận sau thuế dự kiến 880 tỷ đồng, tăng 19,2% so với cùng kỳ năm ngoái.","[DGC] Hóa chất Đức Giang đặt mục tiêu lãi 880 tỷ đồng trong quý III/2025. Hóa chất Đức Giang đặt kế hoạch tổng doanh thu quý III/2025 dự kiến 2.907 tỷ đồng; lợi nhuận sau thuế dự kiến 880 tỷ đồng, tăng 19,2% so với cùng kỳ năm ngoái.",https://cafef.vn/hoa-chat-duc-giang-dat-muc-tieu-lai-880-ty-dong-trong-quy-iii-2025-188250806155615065.chn,POSITIVE,"DGC đặt mục tiêu lãi 880 tỷ Q3, tăng 19.2% YoY — kế hoạch tăng trưởng rõ ràng",True
78fc38146dbf,2026-02-03,VPB,True,VPBank NEO hiểu bạn và sức khỏe tài chính hơn chính bạn,"Hơn cả một ứng dụng ngân hàng, VPBank NEO là người bạn đồng hành cùng khách hàng kiến tạo một năm thịnh vượng, trọn vẹn cả sức khỏe tài chính lẫn cuộc sống.","[VPB] VPBank NEO hiểu bạn và sức khỏe tài chính hơn chính bạn. Hơn cả một ứng dụng ngân hàng, VPBank NEO là người bạn đồng hành cùng khách hàng kiến tạo một năm thịnh vượng, trọn vẹn cả sức khỏe tài chính lẫn cuộc sống.",https://cafef.vn/vpbank-neo-hieu-ban-va-suc-khoe-tai-chinh-hon-chinh-ban-1882602031757112.chn,,,False
3a99be9d5d3f,2025-12-19,VJC,True,"Vietjet cất nóc hangar chuẩn quốc tế, khai trương chuyến bay tới Cảng Hàng không quốc tế Long Thành","Vietjet hôm nay ghi dấu hai cột mốc quan trọng tại Cảng Hàng không quốc tế Long Thành với lễ cất nóc dự án hangar kỹ thuật đạt chuẩn quốc tế và chuyến bay khai trương đầu tiên tới sân bay mới, khẳng định bước tiến chiến lược trong đầu tư hạ tầng kỹ thuật hàng không hiện đại và bền vững.","[VJC] Vietjet cất nóc hangar chuẩn quốc tế, khai trương chuyến bay tới Cảng Hàng không quốc tế Long Thành. Vietjet hôm nay ghi dấu hai cột mốc quan trọng tại Cảng Hàng không quốc tế Long Thành với lễ cất nóc dự án hangar kỹ thuật đạt chuẩn quốc tế và chuyến bay khai trương đầu tiên tới sân bay mới, khẳng định bước tiến chiến lược trong đầu tư hạ tầng kỹ thuật hàng không hiện đại và bền vững.",https://cafef.vn/vietjet-cat-noc-hangar-chuan-quoc-te-khai-truong-chuyen-bay-toi-cang-hang-khong-quoc-te-long-thanh-18825121913030027.chn,POSITIVE,,False
1cdd11e351f4,2025-12-04,OIL,True,PV OIL góp vốn thành lập công ty trong lĩnh vực nhiên liệu hàng không,"PV OIL dự kiến chi 153 tỷ đồng thành lập công ty hoạt động trong lĩnh vực nhiên liệu hàng không, tương đương sở hữu 51% vốn điều lệ của doanh nghiệp mới này.","[OIL] PV OIL góp vốn thành lập công ty trong lĩnh vực nhiên liệu hàng không. PV OIL dự kiến chi 153 tỷ đồng thành lập công ty hoạt động trong lĩnh vực nhiên liệu hàng không, tương đương sở hữu 51% vốn điều lệ của doanh nghiệp mới này.",https://cafef.vn/pv-oil-gop-von-thanh-lap-cong-ty-trong-linh-vuc-nhien-lieu-hang-khong-18825120415313735.chn,,,False
45f7374f590c,2026-04-22,SZG,True,"Cập nhật BCTC quý 1/2026 tối ngày 22/4: Công ty con của Hóa chất Đức Giang (DGC) báo lãi giảm gần 1 nửa, công ty bia lãi gấp 4 lần cùng kỳ","SJ Group (Sudico) bứt phá mạnh mẽ lãi trước thuế đạt 220 tỷ đồng, tăng trưởng tới 155% so với Quý 1/2025. Cùng nhóm ngành, Sonadezi Giang Điền (SZG) cũng duy trì đà tăng trưởng dương 22%, đạt mức lãi 85 tỷ đồng.","[SZG] Cập nhật BCTC quý 1/2026 tối ngày 22/4: Công ty con của Hóa chất Đức Giang (DGC) báo lãi giảm gần 1 nửa, công ty bia lãi gấp 4 lần cùng kỳ. SJ Group (Sudico) bứt phá mạnh mẽ lãi trước thuế đạt 220 tỷ đồng, tăng trưởng tới 155% so với Quý 1/2025. Cùng nhóm ngành, Sonadezi Giang Điền (SZG) cũng duy trì đà tăng trưởng dương 22%, đạt mức lãi 85 tỷ đồng.",https://cafef.vn/cap-nhat-bctc-quy-1-2026-sang-ngay-22-4-techcombank-bao-lai-tang-23-mot-doanh-nghiep-bds-lai-gap-25-lan-cung-ky-188260422000351061.chn,POSITIVE,,False
60038c7e30c7,2026-01-19,ABB,True,ABBank kích hoạt 3 động lực tăng trưởng mới,"Việc cùng lúc hoàn thành mục tiêu lợi nhuận, tăng vốn điều lệ và xúc tiến kế hoạch chuyển sàn đang biến ABBank trở thành tâm điểm chú ý của giới đầu tư.","[ABB] ABBank kích hoạt 3 động lực tăng trưởng mới. Việc cùng lúc hoàn thành mục tiêu lợi nhuận, tăng vốn điều lệ và xúc tiến kế hoạch chuyển sàn đang biến ABBank trở thành tâm điểm chú ý của giới đầu tư.",https://cafef.vn/abbank-kich-hoat-3-dong-luc-tang-truong-moi-188260119135627992.chn,POSITIVE,Hoàn thành lợi nhuận + tăng vốn + kế hoạch chuyển sàn — 3 tín hiệu tích cực đồng thời,True
d32fd0068ae4,2025-06-08,CTG,True,Lãi suất ngân hàng VietinBank mới nhất tháng 6/2025: Gửi kỳ hạn 24 tháng có lãi suất tốt nhất,"Trong tháng 6/2025, VietinBank áp dụng lãi suất tiết kiệm cao nhất là 4,8%/năm dành cho tiền gửi cá nhân có kỳ hạn từ 24 tháng trở lên, nhận lãi cuối kỳ.","[CTG] Lãi suất ngân hàng VietinBank mới nhất tháng 6/2025: Gửi kỳ hạn 24 tháng có lãi suất tốt nhất. Trong tháng 6/2025, VietinBank áp dụng lãi suất tiết kiệm cao nhất là 4,8%/năm dành cho tiền gửi cá nhân có kỳ hạn từ 24 tháng trở lên, nhận lãi cuối kỳ.",https://cafef.vn/lai-suat-ngan-hang-vietinbank-moi-nhat-thang-6-2025-gui-ky-han-24-thang-co-lai-suat-tot-nhat-188250608101449979.chn,,,False
7ca3650230e1,2025-04-03,TCB,True,"Techcombank đặt mục tiêu lợi nhuận 31.500 tỷ đồng trong năm 2025, muốn trở thành ngân hàng đầu tiên ứng dụng AI toàn diện ở Việt Nam","Kế hoạch lợi nhuận năm 2025 của Techcombank tăng 14,4% so với thực hiện năm 2024.","[TCB] Techcombank đặt mục tiêu lợi nhuận 31.500 tỷ đồng trong năm 2025, muốn trở thành ngân hàng đầu tiên ứng dụng AI toàn diện ở Việt Nam. Kế hoạch lợi nhuận năm 2025 của Techcombank tăng 14,4% so với thực hiện năm 2024.",https://cafef.vn/techcombank-dat-muc-tieu-loi-nhuan-31500-ty-dong-trong-nam-2025-muon-tro-thanh-ngan-hang-dau-tien-ung-dung-ai-toan-dien-o-viet-nam-188250403101827111.chn,POSITIVE,"Techcombank đặt mục tiêu lãi 31.500 tỷ (+14.4% YoY), muốn ứng dụng AI toàn diện — kế hoạch tham vọng",True
64383bcb16d9,2025-09-08,HBC,True,Xây dựng Hòa Bình (HBC) trở thành Tổng thầu thi công dự án 5 tỷ USD,"Dự án có quy mô trên 1.000 ha, được phân kỳ thành nhiều giai đoạn, ở giai đoạn 1, tổng giá trị đầu tư dự án là 132 nghìn tỷ đồng (5 tỷ USD).","[HBC] Xây dựng Hòa Bình (HBC) trở thành Tổng thầu thi công dự án 5 tỷ USD. Dự án có quy mô trên 1.000 ha, được phân kỳ thành nhiều giai đoạn, ở giai đoạn 1, tổng giá trị đầu tư dự án là 132 nghìn tỷ đồng (5 tỷ USD).",https://cafef.vn/xay-dung-hoa-binh-hbc-tro-thanh-tong-thau-thi-cong-du-an-5-ty-usd-188250908083043989.chn,POSITIVE,"Trúng thầu dự án 5 tỷ USD — ký hợp đồng lớn, mở dư địa doanh thu",True
49be9d7512a5,2025-10-08,VPS,True,"Trước thềm IPO, chứng khoán VPS tiếp tục mở rộng thị phần môi giới trên HOSE","Thống kê mới nhất của HOSE cho thấy, thị phần môi giới cổ phiếu của Công ty cổ phần chứng khoán VPS tiếp tục tăng thêm 1,68 điểm phần trăm trong quý III/2025 so với quý trước đó, lên mức 17,05%.","[VPS] Trước thềm IPO, chứng khoán VPS tiếp tục mở rộng thị phần môi giới trên HOSE. Thống kê mới nhất của HOSE cho thấy, thị phần môi giới cổ phiếu của Công ty cổ phần chứng khoán VPS tiếp tục tăng thêm 1,68 điểm phần trăm trong quý III/2025 so với quý trước đó, lên mức 17,05%.",https://cafef.vn/truoc-them-ipo-chung-khoan-vps-tiep-tuc-mo-rong-thi-phan-moi-gioi-tren-hose-188251008203551883.chn,POSITIVE,,False
b2789caf9e89,2026-06-27,HBC,True,"Chủ tịch HĐQT Lê Viết Hải: Hòa Bình (HBC) bước vào kỳ ""tái sinh"", ký hợp đồng khung 1,9 tỷ USD cho DA bờ kè sông Mekong tại Campuchia","Về kế hoạch kinh doanh năm 2026, HBC đặt mục tiêu doanh thu đạt 10.000 tỷ đồng, tăng hơn 116% so với kết quả thực hiện năm trước. Lợi nhuận sau thuế dự kiến đạt 250 tỷ đồng, gần tương đương mức đạt được trong năm 2025.","[HBC] Chủ tịch HĐQT Lê Viết Hải: Hòa Bình (HBC) bước vào kỳ ""tái sinh"", ký hợp đồng khung 1,9 tỷ USD cho DA bờ kè sông Mekong tại Campuchia. Về kế hoạch kinh doanh năm 2026, HBC đặt mục tiêu doanh thu đạt 10.000 tỷ đồng, tăng hơn 116% so với kết quả thực hiện năm trước. Lợi nhuận sau thuế dự kiến đạt 250 tỷ đồng, gần tương đương mức đạt được trong năm 2025.",https://cafef.vn/chu-tich-hdqt-le-viet-hai-hoa-binh-hbc-buoc-vao-ky-tai-sinh-ky-hop-dong-khung-19-ty-usd-cho-da-bo-ke-song-mekong-tai-campuchia-188260627082415548.chn,,,False
e69b394b6e5f,2025-03-07,VIB,True,"VIB Ivy Card – Thẻ tín dụng cho sinh viên ưu tú, sẵn sàng làm chủ tài chính cá nhân","Thấu hiểu khát vọng vươn tới thành công của sinh viên thế hệ mới, không chỉ trong học tập mà còn trong quản lý tài chính, Ngân hàng Quốc Tế (VIB) chính thức giới thiệu thẻ tín dụng Ivy Card – người bạn đồng hành thông minh, giúp sinh viên tiếp cận các đặc quyền tài chính vượt trội ngay từ khi còn ngồi trên ghế giảng đường.","[VIB] VIB Ivy Card – Thẻ tín dụng cho sinh viên ưu tú, sẵn sàng làm chủ tài chính cá nhân. Thấu hiểu khát vọng vươn tới thành công của sinh viên thế hệ mới, không chỉ trong học tập mà còn trong quản lý tài chính, Ngân hàng Quốc Tế (VIB) chính thức giới thiệu thẻ tín dụng Ivy Card – người bạn đồng hành thông minh, giúp sinh viên tiếp cận các đặc quyền tài chính vượt trội ngay từ khi còn ngồi trên ghế giảng đường.",https://cafef.vn/vib-ivy-card-the-tin-dung-cho-sinh-vien-uu-tu-san-sang-lam-chu-tai-chinh-ca-nhan-188250307071137314.chn,NEUTRAL,"Ra mắt thẻ tín dụng sinh viên — sản phẩm mới nhỏ, PR, chưa rõ tác động doanh thu VIB",True
2aab4725896c,2026-04-16,MSR,True,"Chủ tịch MSR Danny Le: Nếu giá APT đạt mức 2.000 USD, công ty có thể trả sạch nợ ngay trong năm 2027, sinh lời và chia cổ tức","Quý I, MSR ghi nhận kết quả kinh doanh sơ bộ với doanh thu thuần ước đạt khoảng 2.993 tỷ đồng. Lợi nhuận sau thuế ước đạt 537 tỷ đồng.","[MSR] Chủ tịch MSR Danny Le: Nếu giá APT đạt mức 2.000 USD, công ty có thể trả sạch nợ ngay trong năm 2027, sinh lời và chia cổ tức. Quý I, MSR ghi nhận kết quả kinh doanh sơ bộ với doanh thu thuần ước đạt khoảng 2.993 tỷ đồng. Lợi nhuận sau thuế ước đạt 537 tỷ đồng.",https://cafef.vn/chu-tich-msr-danny-le-neu-gia-apt-dat-muc-2000-usd-cong-ty-co-the-tra-sach-no-ngay-trong-nam-2027-sinh-loi-va-chia-co-tuc-188260416091419279.chn,POSITIVE,Nếu APT đạt 2.000 USD có thể trả hết nợ năm 2027 và chia cổ tức — kịch bản tích cực rõ ràng từ lãnh đạo,True
176d3660ae1b,2026-06-20,BAX,True,"TP.HCM miễn hơn 7.000 tỷ phí hạ tầng cảng biển, hỗ trợ doanh nghiệp trong 3 năm","HĐND TP.HCM thống nhất miễn toàn bộ phí hạ tầng cảng biển trong 3 năm, dự kiến hỗ trợ khoảng 7.170 tỷ đồng, góp phần giảm chi phí logistics và hỗ trợ doanh nghiệp.","[BAX] TP.HCM miễn hơn 7.000 tỷ phí hạ tầng cảng biển, hỗ trợ doanh nghiệp trong 3 năm. HĐND TP.HCM thống nhất miễn toàn bộ phí hạ tầng cảng biển trong 3 năm, dự kiến hỗ trợ khoảng 7.170 tỷ đồng, góp phần giảm chi phí logistics và hỗ trợ doanh nghiệp.",https://cafef.vn/tphcm-mien-hon-7000-ty-phi-ha-tang-cang-bien-ho-tro-doanh-nghiep-trong-3-nam-188260620084950652.chn,POSITIVE,,False
45e643ebc8ad,2026-07-16,NVL,True,"Đón loạt tin vui, cổ phiếu Novaland ""có biến""","Thanh khoản cũng bùng nổ với hơn 24 triệu cổ phiếu được sang tay, trong khi cuối phiên vẫn còn hơn 2 triệu cổ phiếu dư mua giá trần","[NVL] Đón loạt tin vui, cổ phiếu Novaland ""có biến"". Thanh khoản cũng bùng nổ với hơn 24 triệu cổ phiếu được sang tay, trong khi cuối phiên vẫn còn hơn 2 triệu cổ phiếu dư mua giá trần",https://cafef.vn/don-loat-tin-vui-co-phieu-novaland-co-bien-188260716154505528.chn,,,False
00dc56144a37,2026-03-16,VCG,True,Vinaconex bất ngờ muốn bán hơn 18% vốn công ty có cổ phiếu tăng nóng,"Sau khi ông Tô Dũng được bầu làm Chủ tịch HĐQT, cổ phiếu của công ty này đã tăng trần 7 phiên liên tiếp.","[VCG] Vinaconex bất ngờ muốn bán hơn 18% vốn công ty có cổ phiếu tăng nóng. Sau khi ông Tô Dũng được bầu làm Chủ tịch HĐQT, cổ phiếu của công ty này đã tăng trần 7 phiên liên tiếp.",https://cafef.vn/vinaconex-bat-ngo-muon-ban-hon-18-von-cong-ty-co-co-phieu-tang-nong-18826031613295673.chn,NEGATIVE,"Vinaconex muốn bán 18% vốn công ty con — thoái vốn, tín hiệu xem xét lại chiến lược",True
7863ed04248f,2025-09-15,HVA,True,"Cổ phiếu doanh nghiệp vừa thông qua kế hoạch làm sàn giao dịch tài sản số tăng ""phi mã"" 300% từ đầu năm","ĐHĐCĐ bất thường 2025 của HVA tổ chức sáng 13/9 đã thông qua toàn bộ tờ trình, nổi bật là kế hoạch triển khai Sàn giao dịch tài sản số DNEX với quy mô vốn hợp tác 10.000 tỷ.","[HVA] Cổ phiếu doanh nghiệp vừa thông qua kế hoạch làm sàn giao dịch tài sản số tăng ""phi mã"" 300% từ đầu năm. ĐHĐCĐ bất thường 2025 của HVA tổ chức sáng 13/9 đã thông qua toàn bộ tờ trình, nổi bật là kế hoạch triển khai Sàn giao dịch tài sản số DNEX với quy mô vốn hợp tác 10.000 tỷ.",https://cafef.vn/co-phieu-doanh-nghiep-vua-thong-qua-ke-hoach-lam-san-giao-dich-tai-san-so-tang-phi-ma-300-tu-dau-nam-188250915215403869.chn,POSITIVE,"Cổ phiếu tăng 300%, ĐHCĐ thông qua kế hoạch sàn tài sản số 10.000 tỷ — kỳ vọng tăng trưởng mới rõ ràng",True
3dee3145c7d6,2026-01-30,HAX,True,Haxaco lên kế hoạch lợi nhuận gấp 5 lần,"Năm 2025, Công ty cổ phần Dịch vụ Ô tô Hàng Xanh (Haxaco, mã chứng khoán HAX) phải đối mặt với chu kỳ suy giảm sâu nhất của thị trường xe sang trong nhiều năm. Tuy nhiên, công ty này đang chuẩn bị nguồn lực cho một chiến lược 2026 mang tính xoay trục.","[HAX] Haxaco lên kế hoạch lợi nhuận gấp 5 lần. Năm 2025, Công ty cổ phần Dịch vụ Ô tô Hàng Xanh (Haxaco, mã chứng khoán HAX) phải đối mặt với chu kỳ suy giảm sâu nhất của thị trường xe sang trong nhiều năm. Tuy nhiên, công ty này đang chuẩn bị nguồn lực cho một chiến lược 2026 mang tính xoay trục.",https://cafef.vn/haxaco-giai-quyet-luong-ton-kho-xe-mercedes-cao-ky-luc-buoc-ngoat-voi-xe-dien-vinfast-len-ke-hoach-loi-nhuan-gap-5-lan-188260130074707892.chn,POSITIVE,,False
ff6b47eb0fb7,2026-07-28,DGC,True,"Tổng Giám đốc Lưu Bách Đạt bị khởi tố, Hoá chất Đức Giang có động thái mới",Hóa chất Đức Giang (DGC) sẽ trình cổ đông miễn nhiệm 2 thành viên HĐQT tại ĐHĐCĐ thường niên sắp tới.,"[DGC] Tổng Giám đốc Lưu Bách Đạt bị khởi tố, Hoá chất Đức Giang có động thái mới. Hóa chất Đức Giang (DGC) sẽ trình cổ đông miễn nhiệm 2 thành viên HĐQT tại ĐHĐCĐ thường niên sắp tới.",https://cafef.vn/tong-giam-doc-luu-bach-dat-bi-khoi-to-hoa-chat-duc-giang-co-dong-thai-moi-188260728092501542.chn,NEGATIVE,"TGĐ DGC bị khởi tố, DGC miễn nhiệm 2 thành viên HĐQT — quản trị bị ảnh hưởng nghiêm trọng",True
6aac44cb9d65,2026-05-01,VCB,True,"Cảnh báo mới từ Vietcombank: ""Đóng băng"" tài khoản ngân hàng trong trường hợp sau","Ngân hàng TMCP Ngoại thương Việt Nam (Vietcombank) đã có thông báo về việc thay đổi và cập nhật Điều khoản, điều kiện sử dụng dịch vụ ngân hàng điện tử cho khách hàng cá nhân và Hộ kinh doanh từ ngày 20/04/2026.","[VCB] Cảnh báo mới từ Vietcombank: ""Đóng băng"" tài khoản ngân hàng trong trường hợp sau. Ngân hàng TMCP Ngoại thương Việt Nam (Vietcombank) đã có thông báo về việc thay đổi và cập nhật Điều khoản, điều kiện sử dụng dịch vụ ngân hàng điện tử cho khách hàng cá nhân và Hộ kinh doanh từ ngày 20/04/2026.",https://cafef.vn/canh-bao-moi-tu-vietcombank-dong-bang-tai-khoan-ngan-hang-trong-truong-hop-sau-188260501080047295.chn,NEUTRAL,"Thông báo cập nhật điều khoản dịch vụ — hành chính thuần, không tác động tài chính",True
589a422e5ecd,2026-04-11,TCB,True,Techcombank – đối tác tài chính hàng đầu đồng hành cùng SME kiến tạo “Việt Nam mới”,"Trong bối cảnh doanh nghiệp nhỏ và vừa (SME) đang có cơ hội tham gia sâu hơn vào chuỗi giá trị hạ tầng trọng điểm quốc gia, yêu cầu đặt ra là bảo đảm năng lực tài chính và vận hành để khai thác hiệu quả và phát triển bền vững. Với vai trò đối tác tài chính hàng đầu, Techcombank đồng hành cùng cộng đồng doanh nghiệp thông qua các giải pháp toàn diện, giúp nâng cao năng lực, tăng trưởng thực chất và đóng góp vào hành trình kiến tạo “Việt Nam mới” hùng cường, thịnh vượng.","[TCB] Techcombank – đối tác tài chính hàng đầu đồng hành cùng SME kiến tạo “Việt Nam mới”. Trong bối cảnh doanh nghiệp nhỏ và vừa (SME) đang có cơ hội tham gia sâu hơn vào chuỗi giá trị hạ tầng trọng điểm quốc gia, yêu cầu đặt ra là bảo đảm năng lực tài chính và vận hành để khai thác hiệu quả và phát triển bền vững. Với vai trò đối tác tài chính hàng đầu, Techcombank đồng hành cùng cộng đồng doanh nghiệp thông qua các giải pháp toàn diện, giúp nâng cao năng lực, tăng trưởng thực chất và đóng góp vào hành trình kiến tạo “Việt Nam mới” hùng cường, thịnh vượng.",https://cafef.vn/techcombank-doi-tac-tai-chinh-hang-dau-dong-hanh-cung-sme-kien-tao-viet-nam-moi-188260411100628625.chn,,,False
854a1bc76df7,2026-03-04,NLG,True,Hai con trai Chủ tịch Nam Long (NLG) đăng ký mua 2 triệu cổ phiếu ngay trước thềm ĐHĐCĐ 2026,Hai con trai của Chủ tịch HĐQT Nguyễn Xuân Quang vừa đăng ký mua tổng cộng 2 triệu cổ phiếu của CTCP Đầu tư Nam Long (HoSE: NLG) trong bối cảnh doanh nghiệp bất động sản này chuẩn bị chốt danh sách cổ đông tham dự Đại hội đồng cổ đông (ĐHĐCĐ) thường niên 2026.,[NLG] Hai con trai Chủ tịch Nam Long (NLG) đăng ký mua 2 triệu cổ phiếu ngay trước thềm ĐHĐCĐ 2026. Hai con trai của Chủ tịch HĐQT Nguyễn Xuân Quang vừa đăng ký mua tổng cộng 2 triệu cổ phiếu của CTCP Đầu tư Nam Long (HoSE: NLG) trong bối cảnh doanh nghiệp bất động sản này chuẩn bị chốt danh sách cổ đông tham dự Đại hội đồng cổ đông (ĐHĐCĐ) thường niên 2026.,https://cafef.vn/hai-con-trai-chu-tich-nam-long-nlg-dang-ky-mua-2-trieu-co-phieu-ngay-truoc-them-dhdcd-2026-188260304220033846.chn,POSITIVE,,False
7470b9e0d9a6,2026-06-06,STB,True,Gian hàng của SACOMBANK thu hút khách quốc tế tại Lễ hội tài chính số 2026,"Tại Lễ hội Tài chính số 2026 do Báo Tuổi Trẻ tổ chức từ ngày 6 - 7/6 trên phố đi bộ Nguyễn Huệ (TP.HCM), gian hàng SACOMBANK ở khu Payment Zone - Thanh toán xuyên biên giới trở thành điểm dừng chân thu hút đông đảo du khách quốc tế. Việc đồng hành cùng chương trình không chỉ nhằm quảng bá các dịch vụ thanh toán hiện đại mà còn là nỗ lực của Ngân hàng trong việc góp phần thực thi chiến lược chuyển đổi số, tăng trưởng kinh tế quốc gia.","[STB] Gian hàng của SACOMBANK thu hút khách quốc tế tại Lễ hội tài chính số 2026. Tại Lễ hội Tài chính số 2026 do Báo Tuổi Trẻ tổ chức từ ngày 6 - 7/6 trên phố đi bộ Nguyễn Huệ (TP.HCM), gian hàng SACOMBANK ở khu Payment Zone - Thanh toán xuyên biên giới trở thành điểm dừng chân thu hút đông đảo du khách quốc tế. Việc đồng hành cùng chương trình không chỉ nhằm quảng bá các dịch vụ thanh toán hiện đại mà còn là nỗ lực của Ngân hàng trong việc góp phần thực thi chiến lược chuyển đổi số, tăng trưởng kinh tế quốc gia.",https://cafef.vn/gian-hang-cua-sacombank-thu-hut-khach-quoc-te-tai-le-hoi-tai-chinh-so-2026-188260606185130037.chn,,,False
61371445063c,2026-03-06,VIW,True,"Ông Tô Dũng làm Chủ tịch Viwaseen, cổ phiếu lập tức tăng trần 15%","Ngay sau khi kiện toàn bộ máy lãnh đạo với việc bầu ông Tô Dũng làm Chủ tịch Hội đồng quản trị, thị giá cổ phiếu VIW của VIWASEEN đã tăng kịch trần đi kèm thanh khoản tăng cao.","[VIW] Ông Tô Dũng làm Chủ tịch Viwaseen, cổ phiếu lập tức tăng trần 15%. Ngay sau khi kiện toàn bộ máy lãnh đạo với việc bầu ông Tô Dũng làm Chủ tịch Hội đồng quản trị, thị giá cổ phiếu VIW của VIWASEEN đã tăng kịch trần đi kèm thanh khoản tăng cao.",https://cafef.vn/ong-to-dung-lam-chu-tich-viwaseen-co-phieu-lap-tuc-tang-tran-15-188260306142240717.chn,POSITIVE,,False
32df9c31c71c,2025-01-03,STK,True,"Bỗng nhiên được tặng gói hàng 17 tỷ USD, người phụ nữ tại Hòa Bình suýt bị lừa chuyển tiền vào STK 1043506531","Ngày 02/01/2025, bà M.T.L, trú tại thị trấn Chi Nê, Lạc Thuỷ, Hoà Bình gửi thư tới Giám đốc Công an tỉnh Hòa Bình cảm ơn lực lượng Công an huyện Lạc Thủy đã tận tình giải thích, hướng dẫn để bà không bị lừa 26 triệu đồng.","[STK] Bỗng nhiên được tặng gói hàng 17 tỷ USD, người phụ nữ tại Hòa Bình suýt bị lừa chuyển tiền vào STK 1043506531. Ngày 02/01/2025, bà M.T.L, trú tại thị trấn Chi Nê, Lạc Thuỷ, Hoà Bình gửi thư tới Giám đốc Công an tỉnh Hòa Bình cảm ơn lực lượng Công an huyện Lạc Thủy đã tận tình giải thích, hướng dẫn để bà không bị lừa 26 triệu đồng.",https://cafef.vn/bong-nhien-duoc-tang-goi-hang-17-ty-usd-nguoi-phu-nu-tai-hoa-binh-suyt-bi-lua-chuyen-tien-vao-stk-1043506531-188250103163005381.chn,NEUTRAL,Tin lừa đảo đề cập số tài khoản STK — không liên quan đến công ty niêm yết STK,True
f16d8c08b3f9,2026-07-02,KPF,True,“Cú bắt tay” thế kỷ cùng KPF và khát vọng đưa Bãi Cháy vươn tầm quốc tế,Vì sao một vùng đất sở hữu di sản thiên nhiên nổi tiếng thế giới như Hạ Long nhiều năm qua chưa thể khai thác hết tiềm năng kinh tế đêm? Đâu là mô hình đủ khác biệt để biến Bãi Cháy thành đô thị du lịch - giải trí đẳng cấp quốc tế?,[KPF] “Cú bắt tay” thế kỷ cùng KPF và khát vọng đưa Bãi Cháy vươn tầm quốc tế. Vì sao một vùng đất sở hữu di sản thiên nhiên nổi tiếng thế giới như Hạ Long nhiều năm qua chưa thể khai thác hết tiềm năng kinh tế đêm? Đâu là mô hình đủ khác biệt để biến Bãi Cháy thành đô thị du lịch - giải trí đẳng cấp quốc tế?,https://cafef.vn/cu-bat-tay-the-ky-cung-kpf-va-khat-vong-dua-bai-chay-vuon-tam-quoc-te-188260702154028393.chn,POSITIVE,KPF hợp tác phát triển đô thị du lịch giải trí quốc tế tại Bãi Cháy — mở hướng kinh doanh mới,True
709c3c235b9b,2026-01-10,CAN,True,Highlands Coffee thừa nhận dùng sản phẩm của Đồ hộp Hạ Long,"Trước những lo ngại liên quan đến vụ phát hiện hơn 120 tấn thịt lợn nhiễm dịch tả châu Phi tại kho Công ty CP Đồ hộp Hạ Long, Highlands Coffee cho biết đã ngừng sử dụng toàn bộ nguyên liệu từ doanh nghiệp này.","[CAN] Highlands Coffee thừa nhận dùng sản phẩm của Đồ hộp Hạ Long. Trước những lo ngại liên quan đến vụ phát hiện hơn 120 tấn thịt lợn nhiễm dịch tả châu Phi tại kho Công ty CP Đồ hộp Hạ Long, Highlands Coffee cho biết đã ngừng sử dụng toàn bộ nguyên liệu từ doanh nghiệp này.",https://cafef.vn/highlands-coffee-thua-nhan-dung-san-pham-cua-do-hop-ha-long-188260110153904473.chn,,,False
82a8a19fc3da,2026-01-10,SHS,True,Chứng khoán SHS bổ nhiệm Tổng Giám đốc mới,"HĐQT SHS thông qua đơn từ nhiệm chức vụ Thành viên HĐQT, Tổng Giám đốc của ông Nguyễn Chí Thành và bổ nhiệm ông Nguyễn Duy Linh giữ vị trí Tổng Giám đốc.","[SHS] Chứng khoán SHS bổ nhiệm Tổng Giám đốc mới. HĐQT SHS thông qua đơn từ nhiệm chức vụ Thành viên HĐQT, Tổng Giám đốc của ông Nguyễn Chí Thành và bổ nhiệm ông Nguyễn Duy Linh giữ vị trí Tổng Giám đốc.",https://cafef.vn/chung-khoan-shs-bo-nhiem-tong-giam-doc-moi-188260110094529392.chn,NEUTRAL,,False
1965183f4a8b,2026-03-01,GVR,True,"Một số công ty con của GVR thua lỗ, rủi ro mất vốn nhà nước","Theo TTCP, một số công ty con của GVR hoạt động kém hiệu quả, lỗ lũy kế nhiều năm, tiềm ẩn nguy cơ làm suy giảm giá trị vốn đầu tư, tiềm ẩn rủi ro mất vốn nhà nước.","[GVR] Một số công ty con của GVR thua lỗ, rủi ro mất vốn nhà nước. Theo TTCP, một số công ty con của GVR hoạt động kém hiệu quả, lỗ lũy kế nhiều năm, tiềm ẩn nguy cơ làm suy giảm giá trị vốn đầu tư, tiềm ẩn rủi ro mất vốn nhà nước.",https://cafef.vn/mot-so-cong-ty-con-cua-gvr-thua-lo-rui-ro-mat-von-nha-nuoc-188260301082350698.chn,,,False
846f5d254c98,2025-09-22,VJC,True,Chủ tịch nước chứng kiến Vietjet nhận bàn giao tàu bay Boeing đầu tiên,"Vietjet chính thức nhận bàn giao tàu bay Boeing 737-8 đầu tiên trong đơn đặt hàng 200 chiếc trị giá 32 tỷ USD với Boeing, nhà sản xuất tàu bay hàng đầu thế giới.","[VJC] Chủ tịch nước chứng kiến Vietjet nhận bàn giao tàu bay Boeing đầu tiên. Vietjet chính thức nhận bàn giao tàu bay Boeing 737-8 đầu tiên trong đơn đặt hàng 200 chiếc trị giá 32 tỷ USD với Boeing, nhà sản xuất tàu bay hàng đầu thế giới.",https://cafef.vn/chu-tich-nuoc-chung-kien-vietjet-nhan-ban-giao-tau-bay-boeing-dau-tien-188250922151414326.chn,POSITIVE,Vietjet nhận 200 tàu bay Boeing 737-8 đầu tiên trị giá 32 tỷ USD — mở rộng đội bay lớn,True
0a497be72cef,2026-01-16,TNG,True,Nhờ đâu TNG đạt lợi nhuận quý 4 tăng 50% so với cùng kỳ?,"Lũy kế cả năm 2025, doanh thu đạt 8.698 tỷ đồng, tăng hơn 12% so với năm 2024, là mức cao nhất trong lịch sử hoạt động của doanh nghiệp.","[TNG] Nhờ đâu TNG đạt lợi nhuận quý 4 tăng 50% so với cùng kỳ?. Lũy kế cả năm 2025, doanh thu đạt 8.698 tỷ đồng, tăng hơn 12% so với năm 2024, là mức cao nhất trong lịch sử hoạt động của doanh nghiệp.",https://cafef.vn/nho-dau-tng-dat-loi-nhuan-quy-4-tang-50-so-voi-cung-ky-188260116155719408.chn,POSITIVE,,False
9f57d66bb972,2025-02-07,MSB,True,MSB và FMO ký hợp đồng vay 80 triệu USD cho một tương lai xanh,"Ngày 23/01/2025, Ngân hàng TMCP Hàng Hải Việt Nam (HoSE: MSB) và Ngân hàng Phát triển Doanh nghiệp Hà Lan (FMO) đã ký hợp đồng cho vay trung và dài hạn hỗ trợ các doanh nghiệp vừa và nhỏ (SME) và các doanh nghiệp liên quan đến khí hậu.","[MSB] MSB và FMO ký hợp đồng vay 80 triệu USD cho một tương lai xanh. Ngày 23/01/2025, Ngân hàng TMCP Hàng Hải Việt Nam (HoSE: MSB) và Ngân hàng Phát triển Doanh nghiệp Hà Lan (FMO) đã ký hợp đồng cho vay trung và dài hạn hỗ trợ các doanh nghiệp vừa và nhỏ (SME) và các doanh nghiệp liên quan đến khí hậu.",https://cafef.vn/msb-va-fmo-ky-hop-dong-vay-80-trieu-usd-cho-mot-tuong-lai-xanh-188250207201833449.chn,,,False
3097a5ae3509,2025-09-29,YEG,False,Yeah1 sắp có thêm 2 công ty liên kết,"Yeah1 dự kiến nhận chuyển nhượng thêm cổ phần tại CTCP 1Game và CTCP 1Creators. Nếu hoàn tất giao dịch, hai doanh nghiệp này sẽ trở thành công ty liên kết của Yeah1.","[YEG] Yeah1 sắp có thêm 2 công ty liên kết. Yeah1 dự kiến nhận chuyển nhượng thêm cổ phần tại CTCP 1Game và CTCP 1Creators. Nếu hoàn tất giao dịch, hai doanh nghiệp này sẽ trở thành công ty liên kết của Yeah1.",https://cafef.vn/yeah1-sap-co-them-2-cong-ty-lien-ket-188250929223358017.chn,NEUTRAL,"Yeah1 nhận chuyển nhượng thêm cổ phần — mở rộng, nhưng quy mô nhỏ và chưa hoàn tất",True
1b1cbd261236,2026-07-06,PNJ,True,Ước tính Kim cương chiếm 33% doanh thu mảng trang sức của PNJ: SSI cảnh báo,"Sau vụ việc liên quan đến P-Lab - công ty con do CTCP Vàng bạc Đá quý Phú Nhuận (HOSE: PNJ) sở hữu 100% vốn, SSI Research đã quyết định hạ dự báo lợi nhuận năm 2026 của doanh nghiệp, đồng thời đưa khuyến nghị đầu tư và giá mục tiêu vào trạng thái ""đang xem xét"", cho rằng rủi ro lớn nhất hiện nay không nằm ở kết quả kinh doanh mà là niềm tin của nhà đầu tư và người tiêu dùng.","[PNJ] Ước tính Kim cương chiếm 33% doanh thu mảng trang sức của PNJ: SSI cảnh báo. Sau vụ việc liên quan đến P-Lab - công ty con do CTCP Vàng bạc Đá quý Phú Nhuận (HOSE: PNJ) sở hữu 100% vốn, SSI Research đã quyết định hạ dự báo lợi nhuận năm 2026 của doanh nghiệp, đồng thời đưa khuyến nghị đầu tư và giá mục tiêu vào trạng thái ""đang xem xét"", cho rằng rủi ro lớn nhất hiện nay không nằm ở kết quả kinh doanh mà là niềm tin của nhà đầu tư và người tiêu dùng.",https://cafef.vn/uoc-tinh-kim-cuong-chiem-33-doanh-thu-mang-trang-suc-cua-pnj-ssi-canh-bao-188260706182002376.chn,NEGATIVE,,False
afee239d3e4c,2026-01-21,CDC,True,Chương Dương Corp miễn nhiệm một Phó Tổng Giám đốc,Chương Dương Corp miễn nhiệm chức vụ Phó Tổng Giám đốc đối với ông Phạm Sĩ Như Nhiên theo đơn xin thôi nhiệm vụ.,[CDC] Chương Dương Corp miễn nhiệm một Phó Tổng Giám đốc. Chương Dương Corp miễn nhiệm chức vụ Phó Tổng Giám đốc đối với ông Phạm Sĩ Như Nhiên theo đơn xin thôi nhiệm vụ.,https://cafef.vn/chuong-duong-corp-mien-nhiem-mot-pho-tong-giam-doc-188260121092702916.chn,NEUTRAL,Miễn nhiệm Phó TGĐ theo đơn xin thôi việc — thủ tục nhân sự bình thường,True
918829326adb,2025-08-27,VJC,True,Trải nghiệm nhận diện sinh trắc học lên máy bay với ứng dụng VNeID và Vietjet,"Hành khách hiện nay đã có thể dễ dàng thực hiện thủ tục hàng không, qua kiểm tra an ninh và cửa ra tàu bay bằng công nghệ định danh sinh trắc học (eKYC) qua ứng dụng VneID, Vietjet Air tại hầu hết các sân bay trên cả nước.","[VJC] Trải nghiệm nhận diện sinh trắc học lên máy bay với ứng dụng VNeID và Vietjet. Hành khách hiện nay đã có thể dễ dàng thực hiện thủ tục hàng không, qua kiểm tra an ninh và cửa ra tàu bay bằng công nghệ định danh sinh trắc học (eKYC) qua ứng dụng VneID, Vietjet Air tại hầu hết các sân bay trên cả nước.",https://cafef.vn/trai-nghiem-nhan-dien-sinh-trac-hoc-len-may-bay-voi-ung-dung-vneid-va-vietjet-188250827145617553.chn,NEUTRAL,"Thông báo tính năng eKYC tại sân bay — PR kỹ thuật, không tác động tài chính rõ",True
0c65356b3c0d,2026-08-11,SGI,True,"SGI Capital: Chứng khoán đối diện “bài test” lớn, giai đoạn biến động mạnh có thể vẫn ở phía trước","Nhóm phân tích cho rằng trong một chu kỳ điều chỉnh lớn, lãi suất chỉ thực sự tạo đỉnh sau khi tăng cao khiến nhu cầu tín dụng suy giảm mạnh.","[SGI] SGI Capital: Chứng khoán đối diện “bài test” lớn, giai đoạn biến động mạnh có thể vẫn ở phía trước. Nhóm phân tích cho rằng trong một chu kỳ điều chỉnh lớn, lãi suất chỉ thực sự tạo đỉnh sau khi tăng cao khiến nhu cầu tín dụng suy giảm mạnh.",https://cafef.vn/sgi-capital-chung-khoan-doi-dien-bai-test-lon-giai-doan-bien-dong-manh-co-the-van-o-phia-truoc-188260811220520287.chn,,,False
9dac6047a2ab,2026-01-26,VRE,True,"Cập nhật BCTC quý 4/2025 chiều ngày 26/1: Vincom Retail (VRE) báo lãi trước thuế quý 4 tăng 144%, một ngân hàng ghi nhận LNTT giảm 43%",Nhiều doanh nghiệp công bố lập kỷ lục về lợi nhuận.,"[VRE] Cập nhật BCTC quý 4/2025 chiều ngày 26/1: Vincom Retail (VRE) báo lãi trước thuế quý 4 tăng 144%, một ngân hàng ghi nhận LNTT giảm 43%. Nhiều doanh nghiệp công bố lập kỷ lục về lợi nhuận.",https://cafef.vn/cap-nhat-bctc-quy-4-2025-ngay-26-1-nhieu-doanh-nghiep-tang-truong-hang-nghin-hang-tram-188260126000437623.chn,POSITIVE,VRE lãi Q4 tăng 144% YoY — KQKD đột biến tích cực,True
a8814a3ba49b,2026-01-26,GHC,True,Thủy điện Gia Lai chốt giá ngày chào sàn HoSE,"Gần 47,7 triệu cổ phiếu GHC của CTCP Thủy điện Gia Lai sẽ chính thức giao dịch trên HoSE từ ngày 30/01 với giá tham chiếu 29.000 đồng/cổ phiếu.","[GHC] Thủy điện Gia Lai chốt giá ngày chào sàn HoSE. Gần 47,7 triệu cổ phiếu GHC của CTCP Thủy điện Gia Lai sẽ chính thức giao dịch trên HoSE từ ngày 30/01 với giá tham chiếu 29.000 đồng/cổ phiếu.",https://cafef.vn/thuy-dien-gia-lai-chot-gia-ngay-chao-san-hose-188260126015028307.chn,POSITIVE,"GHC chốt giá chào sàn HoSE 29.000đ, sắp giao dịch chính thức — sự kiện niêm yết tích cực",True
1feeaacb8d70,2025-06-19,KBC,True,"Kinh Bắc (KBC) chào bán 250 triệu cổ phiếu riêng lẻ với giá thấp hơn thị trường gần 7%, thu về gần 6.000 tỷ đồng để tái cơ cấu nợ","Tổng khối lượng chào bán lên tới 250 triệu cổ phiếu, tương đương 32,57% tổng số cổ phiếu đang lưu hành hiện tại và dự kiến thu về gần 6.000 tỷ đồng.","[KBC] Kinh Bắc (KBC) chào bán 250 triệu cổ phiếu riêng lẻ với giá thấp hơn thị trường gần 7%, thu về gần 6.000 tỷ đồng để tái cơ cấu nợ. Tổng khối lượng chào bán lên tới 250 triệu cổ phiếu, tương đương 32,57% tổng số cổ phiếu đang lưu hành hiện tại và dự kiến thu về gần 6.000 tỷ đồng.",https://cafef.vn/kinh-bac-kbc-chao-ban-250-trieu-co-phieu-rieng-le-voi-gia-thap-hon-thi-truong-gan-7-thu-ve-gan-6000-ty-dong-de-tai-co-cau-no-188250619221052505.chn,NEGATIVE,,False
87edb0fa5b15,2026-04-14,MSN,True,CEO Masan mua 4 triệu cổ phiếu MSN,"Nguyên nhân là do diễn biến thị trường không phù hợp, sau giao dịch ông Danny Le nắm giữ gần 8 triệu cổ phiếu MSN.","[MSN] CEO Masan mua 4 triệu cổ phiếu MSN. Nguyên nhân là do diễn biến thị trường không phù hợp, sau giao dịch ông Danny Le nắm giữ gần 8 triệu cổ phiếu MSN.",https://cafef.vn/ceo-masan-khong-mua-du-luong-co-phieu-msn-da-dang-ky-188260414214227468.chn,,,False
c0550ba6b594,2026-07-30,TPB,True,TPBank Biz Expense: Lời giải mới cho bài toán quản trị chi phí doanh nghiệp,"Khi các quy định mới về thanh toán không dùng tiền mặt trong khấu trừ thuế bắt đầu có hiệu lực, nhiều doanh nghiệp đứng trước áp lực phải thay đổi cách quản lý các khoản chi công tác và chi phí hiện trường.","[TPB] TPBank Biz Expense: Lời giải mới cho bài toán quản trị chi phí doanh nghiệp. Khi các quy định mới về thanh toán không dùng tiền mặt trong khấu trừ thuế bắt đầu có hiệu lực, nhiều doanh nghiệp đứng trước áp lực phải thay đổi cách quản lý các khoản chi công tác và chi phí hiện trường.",https://cafef.vn/tpbank-biz-expense-loi-giai-moi-cho-bai-toan-quan-tri-chi-phi-doanh-nghiep-188260730215649426.chn,POSITIVE,,False
4905fd5d244a,2025-08-07,HAG,True,"Vừa ""thở phào"" nhờ xóa lỗ lũy kế, Hoàng Anh Gia Lai của bầu Đức bất ngờ bị ""tuýt còi""","Hoàng Anh Gia Lai bị xử phạt 92,5 triệu đồng do không công bố đối với thông tin phải công bố theo quy định pháp luật.","[HAG] Vừa ""thở phào"" nhờ xóa lỗ lũy kế, Hoàng Anh Gia Lai của bầu Đức bất ngờ bị ""tuýt còi"". Hoàng Anh Gia Lai bị xử phạt 92,5 triệu đồng do không công bố đối với thông tin phải công bố theo quy định pháp luật.",https://cafef.vn/vua-tho-phao-nho-xoa-lo-luy-ke-hoang-anh-gia-lai-cua-bau-duc-bat-ngo-bi-tuyt-coi-188250807103925183.chn,NEGATIVE,"HAG bị phạt 92.5 triệu vì vi phạm công bố thông tin — dù nhỏ, là tín hiệu quản trị yếu",True
60fc1d276339,2025-07-29,TCB,True,Techcombank miễn nhiệm Phó Tổng giám đốc Thường trực,Quyết định miễn nhiệm có hiệu lực từ ngày 1/8/2025.,[TCB] Techcombank miễn nhiệm Phó Tổng giám đốc Thường trực. Quyết định miễn nhiệm có hiệu lực từ ngày 1/8/2025.,https://cafef.vn/techcombank-mien-nhiem-pho-tong-giam-doc-thuong-truc-188250729175050594.chn,NEUTRAL,"Miễn nhiệm Phó TGĐ theo quy trình bình thường — thủ tục nhân sự, không rõ tác động",True
fd19c8ffa937,2026-05-07,TAL,True,Taseco Land dự kiến phát hành 144 triệu cổ phiếu TAL để trả cổ tức và tăng vốn cổ phần,Taseco Land dự kiến phát hành 144 triệu cổ phiếu TAL để trả cổ tức năm 2025 và tăng vốn cổ phần từ nguồn vốn chủ sở hữu.,[TAL] Taseco Land dự kiến phát hành 144 triệu cổ phiếu TAL để trả cổ tức và tăng vốn cổ phần. Taseco Land dự kiến phát hành 144 triệu cổ phiếu TAL để trả cổ tức năm 2025 và tăng vốn cổ phần từ nguồn vốn chủ sở hữu.,https://cafef.vn/taseco-land-du-kien-phat-hanh-144-trieu-co-phieu-tal-de-tra-co-tuc-va-tang-von-co-phan-188260507144545816.chn,,,False
ac8485c5b91e,2024-12-27,VIB,True,Một Phó Tổng Giám đốc ngân hàng dự chi hơn 200 tỷ mua cổ phiếu VIB,"Trước đó, Phó Tổng Giám đốc VIB cũng đã mua 3 triệu cổ phiếu trong tháng 11, nhằm mục đích gia tăng đầu tư tài sản giá trị","[VIB] Một Phó Tổng Giám đốc ngân hàng dự chi hơn 200 tỷ mua cổ phiếu VIB. Trước đó, Phó Tổng Giám đốc VIB cũng đã mua 3 triệu cổ phiếu trong tháng 11, nhằm mục đích gia tăng đầu tư tài sản giá trị",https://cafef.vn/mot-pho-tong-giam-doc-ngan-hang-du-chi-hon-200-ty-mua-co-phieu-vib-188241227094026776.chn,POSITIVE,,False
814f6d93b03b,2025-11-26,VIX,True,Một cổ phiếu công ty chứng khoán “bốc đầu” kịch trần ngay trước thềm họp ĐHCĐ bất thường,"Trước đó VIX đang có quãng trượt dốc mạnh, thị giá từ vùng đỉnh sát 40.000 đồng/cp (phiên 16/10) rơi mạnh về dưới ngưỡng 23.000 đồng/cp (25/11), tương ứng mất gần 74% giá trị chỉ trong vòng hơn 1 tháng.","[VIX] Một cổ phiếu công ty chứng khoán “bốc đầu” kịch trần ngay trước thềm họp ĐHCĐ bất thường. Trước đó VIX đang có quãng trượt dốc mạnh, thị giá từ vùng đỉnh sát 40.000 đồng/cp (phiên 16/10) rơi mạnh về dưới ngưỡng 23.000 đồng/cp (25/11), tương ứng mất gần 74% giá trị chỉ trong vòng hơn 1 tháng.",https://cafef.vn/mot-co-phieu-cong-ty-chung-khoan-boc-dau-kich-tran-ngay-truoc-them-hop-dhcd-bat-thuong-188251126112450934.chn,POSITIVE,Cổ phiếu VIX tăng kịch trần trước thềm ĐHCĐ bất thường — kỳ vọng tích cực từ thị trường,True
83d3afaf75d2,2025-04-25,TCB,True,"Chiến lược ""chiêu mộ người Việt toàn cầu"" của Techcombank: Dẫn dắt làn sóng trở về, kiến tạo hệ sinh thái ""Make in Vietnam""","Từ ""Nơi làm việc tốt nhất Việt Nam"" đến Top 10 nơi làm việc hàng đầu đâu Á (Theo Great Place to Work®), Techcombank là ngân hàng đầu tiên tại Việt Nam triển khai chiến lược ""chiêu mộ người Việt toàn cầu"" thông qua chiến dịch Overseas Talent Roadshow – chuỗi sự kiện kết nối nhân tài Việt tại các quốc gia phát triển.","[TCB] Chiến lược ""chiêu mộ người Việt toàn cầu"" của Techcombank: Dẫn dắt làn sóng trở về, kiến tạo hệ sinh thái ""Make in Vietnam"". Từ ""Nơi làm việc tốt nhất Việt Nam"" đến Top 10 nơi làm việc hàng đầu đâu Á (Theo Great Place to Work®), Techcombank là ngân hàng đầu tiên tại Việt Nam triển khai chiến lược ""chiêu mộ người Việt toàn cầu"" thông qua chiến dịch Overseas Talent Roadshow – chuỗi sự kiện kết nối nhân tài Việt tại các quốc gia phát triển.",https://cafef.vn/chien-luoc-chieu-mo-nguoi-viet-toan-cau-cua-techcombank-dan-dat-lan-song-tro-ve-kien-tao-he-sinh-thai-make-in-vietnam-188250425151250928.chn,NEUTRAL,PR chiến lược nhân sự và thương hiệu nhà tuyển dụng — không tác động doanh thu,True
f3b5fe7735f5,2025-11-22,HPA,True,Nông nghiệp Hoà Phát (HPA): IPO 30 triệu cổ phiếu giá 41.900 đồng/cp,"Tổng giá trị huy động dự kiến đạt 1.257 tỷ đồng. Vốn huy động được dùng để tái cơ cấu tài chính, trả nợ vay, bổ sung vốn lưu động và chuẩn bị nguồn lực đầu tư mở rộng trang trại chăn nuôi, nhà máy thức ăn chăn nuôi.","[HPA] Nông nghiệp Hoà Phát (HPA): IPO 30 triệu cổ phiếu giá 41.900 đồng/cp. Tổng giá trị huy động dự kiến đạt 1.257 tỷ đồng. Vốn huy động được dùng để tái cơ cấu tài chính, trả nợ vay, bổ sung vốn lưu động và chuẩn bị nguồn lực đầu tư mở rộng trang trại chăn nuôi, nhà máy thức ăn chăn nuôi.",https://cafef.vn/nong-nghiep-hoa-phat-hpa-ipo-30-trieu-co-phieu-gia-41900-dong-cp-18825112209233334.chn,,,False
b8419f17716c,2026-05-27,HKT,True,"Hậu tái cơ cấu, QP Holdings (HKT) lên kế hoạch lãi tăng 578%, tham vọng làm dự án bất động sản nghìn tỷ ở TP.HCM","Tại Đại hội đồng cổ đông thường niên năm 2026 tổ chức ở TP.HCM, Công ty Cổ phần Đầu tư QP Xanh (Mã CK: HKT) đã thông qua phương án đổi tên thành Công ty Cổ phần QP Holdings, mục tiêu lợi nhuận năm nay tăng trưởng 578% cùng danh mục dự án bất động sản quy mô lớn.","[HKT] Hậu tái cơ cấu, QP Holdings (HKT) lên kế hoạch lãi tăng 578%, tham vọng làm dự án bất động sản nghìn tỷ ở TP.HCM. Tại Đại hội đồng cổ đông thường niên năm 2026 tổ chức ở TP.HCM, Công ty Cổ phần Đầu tư QP Xanh (Mã CK: HKT) đã thông qua phương án đổi tên thành Công ty Cổ phần QP Holdings, mục tiêu lợi nhuận năm nay tăng trưởng 578% cùng danh mục dự án bất động sản quy mô lớn.",https://cafef.vn/hau-tai-co-cau-qp-holdings-hkt-len-ke-hoach-lai-tang-578-tham-vong-lam-du-an-bat-dong-san-nghin-ty-o-tphcm-188260527214153661.chn,POSITIVE,"Lên kế hoạch lãi tăng 578%, danh mục BĐS nghìn tỷ — kỳ vọng tăng trưởng mạnh, tuy nhiên chỉ là kế hoạch",True
821684e27c6c,2026-07-25,EIB,True,"Sàn chứng khoán có 3 chủ tịch mới trong tuần: 1 doanh nhân SN1989 gốc Hoa sở hữu 3.387 tỷ, 1 người quốc tịch Mỹ và nữ chủ tịch 27 tuổi","PC1, Eximbank đã bầu ra Chủ tịch HĐQT mới, bên cạnh đó một doanh nhân sinh năm 1989 đã đưa công ty lên sàn trong tuần này.","[EIB] Sàn chứng khoán có 3 chủ tịch mới trong tuần: 1 doanh nhân SN1989 gốc Hoa sở hữu 3.387 tỷ, 1 người quốc tịch Mỹ và nữ chủ tịch 27 tuổi. PC1, Eximbank đã bầu ra Chủ tịch HĐQT mới, bên cạnh đó một doanh nhân sinh năm 1989 đã đưa công ty lên sàn trong tuần này.",https://cafef.vn/ba-ghe-nong-doi-chu-trong-mot-tuan-pc1-co-nu-chu-tich-sn1999-eximbank-don-cuu-ceo-techcombank-doanh-nghiep-con-lai-thi-sao-188260725225041185.chn,NEUTRAL,,False
5b49777aa86c,2026-03-13,MCH,True,"Masan Consumer (MCH): Doanh thu 2 tháng đầu năm 2026 tăng 15% lên hơn 5.000 tỷ, một chỉ số tăng ""sốc"" tới 80%","Ngành hóa mỹ phẩm (HPC) ghi nhận mức tăng trưởng doanh thu cao nhất với 27,7% nhờ các sản phẩm mới sau giai đoạn thử nghiệm tại WCM đang được triển khai ra kênh truyền thống (GT).","[MCH] Masan Consumer (MCH): Doanh thu 2 tháng đầu năm 2026 tăng 15% lên hơn 5.000 tỷ, một chỉ số tăng ""sốc"" tới 80%. Ngành hóa mỹ phẩm (HPC) ghi nhận mức tăng trưởng doanh thu cao nhất với 27,7% nhờ các sản phẩm mới sau giai đoạn thử nghiệm tại WCM đang được triển khai ra kênh truyền thống (GT).",https://cafef.vn/masan-consumer-mch-doanh-thu-2-thang-dau-nam-2026-tang-15-len-hon-5000-ty-mot-chi-so-tang-soc-toi-80-188260313111224693.chn,,,False
410c6deb1744,2026-07-08,AMC,True,Cận cảnh dự án 900 căn nhà ở xã hội 'xây mãi chưa xong',"Được kỳ vọng cung cấp khoảng 900 căn hộ cho người thu nhập thấp, thế nhưng sau hơn 10 năm, dự án nhà ở xã hội AMC I tại Thanh Hóa vẫn “dậm chân tại chỗ”, chỉ có phần móng dang dở trong bãi đất trống cỏ cây um tùm.","[AMC] Cận cảnh dự án 900 căn nhà ở xã hội 'xây mãi chưa xong'. Được kỳ vọng cung cấp khoảng 900 căn hộ cho người thu nhập thấp, thế nhưng sau hơn 10 năm, dự án nhà ở xã hội AMC I tại Thanh Hóa vẫn “dậm chân tại chỗ”, chỉ có phần móng dang dở trong bãi đất trống cỏ cây um tùm.",https://cafef.vn/can-canh-du-an-900-can-nha-o-xa-hoi-xay-mai-chua-xong-188260708195551156.chn,NEGATIVE,"Dự án 900 căn nhà ở xã hội 10 năm chưa xong — thất bại triển khai, uy tín AMC bị ảnh hưởng",True
8d5bc0a4a4d4,2026-04-02,SAB,True,"Một tài liệu hé lộ thời điểm gần 2.000 tỷ từ ""đại gia"" Việt Nam về túi tỷ phú Thái Lan","Năm 2026, Sabeco lên kế hoạch chi trả cổ tức tiếp tục ở mức 50% bằng tiền.","[SAB] Một tài liệu hé lộ thời điểm gần 2.000 tỷ từ ""đại gia"" Việt Nam về túi tỷ phú Thái Lan. Năm 2026, Sabeco lên kế hoạch chi trả cổ tức tiếp tục ở mức 50% bằng tiền.",https://cafef.vn/mot-tai-lieu-he-lo-thoi-diem-gan-2000-ty-tu-dai-gia-viet-nam-ve-tui-ty-phu-thai-lan-188260402114733288.chn,POSITIVE,,False
792cca78d09e,2025-11-19,MSB,True,"MSB kết nối SIMO thành công, nhân đôi bảo mật giao dịch cho khách hàng","Ngân hàng TMCP Hàng Hải Việt Nam (MSB) chính thức công bố hoàn tất kết nối và đưa vào vận hành hệ thống cảnh báo rủi ro SIMO của Ngân hàng Nhà nước Việt Nam, tự động cảnh báo các giao dịch có dấu hiệu gian lận và lừa đảo.","[MSB] MSB kết nối SIMO thành công, nhân đôi bảo mật giao dịch cho khách hàng. Ngân hàng TMCP Hàng Hải Việt Nam (MSB) chính thức công bố hoàn tất kết nối và đưa vào vận hành hệ thống cảnh báo rủi ro SIMO của Ngân hàng Nhà nước Việt Nam, tự động cảnh báo các giao dịch có dấu hiệu gian lận và lừa đảo.",https://cafef.vn/msb-ket-noi-simo-thanh-cong-nhan-doi-bao-mat-giao-dich-cho-khach-hang-18825111916105763.chn,NEUTRAL,"MSB kết nối SIMO bảo mật — nâng cấp hạ tầng, tính năng bảo mật bình thường",True
da7da896ad21,2026-05-28,ACB,True,HSC được cấp hạn mức tín dụng 6.000 tỷ đồng,"HSC vừa thông qua hạn mức tín dụng 6.000 tỷ đồng tại ACB, mục đích vay vốn nhằm đầu tư/ mua trái phiếu Chính phủ, bổ sung vốn lưu động,...","[ACB] HSC được cấp hạn mức tín dụng 6.000 tỷ đồng. HSC vừa thông qua hạn mức tín dụng 6.000 tỷ đồng tại ACB, mục đích vay vốn nhằm đầu tư/ mua trái phiếu Chính phủ, bổ sung vốn lưu động,...",https://cafef.vn/hsc-duoc-cap-han-muc-tin-dung-6000-ty-dong-188260528084800079.chn,,,False
37d5a8c40fff,2025-12-29,TDM,True,"36 triệu/m2 bàn giao đầy đủ nội thất, Diamond Boulevard ngay Quốc Lộ 13 có gì?","Trong bối cảnh giá căn hộ Đông Bắc TP.HCM đạt ngưỡng tiệm cận 70 triệu/m2, Diamond Boulevard nổi bật với mức giá chỉ từ 36 triệu/m², được xem là thấp nhất trên trục Quốc Lộ 13. Vị trí sát ga C7 tuyến metro TDM – TP.HCM, dự án tạo lợi thế đầu tư – cho thuê nhờ hạ tầng giao thông và nhu cầu thuê gia tăng.","[TDM] 36 triệu/m2 bàn giao đầy đủ nội thất, Diamond Boulevard ngay Quốc Lộ 13 có gì?. Trong bối cảnh giá căn hộ Đông Bắc TP.HCM đạt ngưỡng tiệm cận 70 triệu/m2, Diamond Boulevard nổi bật với mức giá chỉ từ 36 triệu/m², được xem là thấp nhất trên trục Quốc Lộ 13. Vị trí sát ga C7 tuyến metro TDM – TP.HCM, dự án tạo lợi thế đầu tư – cho thuê nhờ hạ tầng giao thông và nhu cầu thuê gia tăng.",https://cafef.vn/36-trieu-m2-ban-giao-day-du-noi-that-diamond-boulevard-ngay-quoc-lo-13-co-gi-188251229182020293.chn,NEUTRAL,"Quảng cáo dự án bất động sản Diamond Boulevard gần ga TDM — PR dự án, không phải KQKD",True
b0948e073105,2025-11-11,PVT,True,PVT Logistics sắp phát hành hơn 13 triệu cổ phiếu trả cổ tức năm 2024,"PVT Logistics lên kế hoạch phát hành hơn 13,2 triệu cổ phiếu để trả cổ tức năm 2024 với tỷ lệ thực hiện 100:20, vốn điều lệ dự kiến tăng lên mức gần 793,2 tỷ đồng.","[PVT] PVT Logistics sắp phát hành hơn 13 triệu cổ phiếu trả cổ tức năm 2024. PVT Logistics lên kế hoạch phát hành hơn 13,2 triệu cổ phiếu để trả cổ tức năm 2024 với tỷ lệ thực hiện 100:20, vốn điều lệ dự kiến tăng lên mức gần 793,2 tỷ đồng.",https://cafef.vn/pvt-logistics-sap-phat-hanh-hon-13-trieu-co-phieu-tra-co-tuc-nam-2024-188251111094822168.chn,NEGATIVE,,False
322eeb558b0a,2026-04-18,MWG,True,Nóng: MWG ước lãi quý 1/2026 tăng trưởng 80% so với cùng kỳ,Tổng Giám đốc MWG cho biết doanh nghiệp đã hoàn thành khoảng 25% kế hoạch doanh thu cả năm 2026 sau 3 tháng.,[MWG] Nóng: MWG ước lãi quý 1/2026 tăng trưởng 80% so với cùng kỳ. Tổng Giám đốc MWG cho biết doanh nghiệp đã hoàn thành khoảng 25% kế hoạch doanh thu cả năm 2026 sau 3 tháng.,https://cafef.vn/nong-mwg-uoc-lai-quy-1-2026-tang-truong-80-so-voi-cung-ky-188260418160602524.chn,,,False
e1dc257fa138,2025-09-12,HVN,True,"Loại “tiền tệ” có giá trị phát hành 300 tỷ USD/năm, quyền lực thứ 3 thế giới sau USD, Euro: Vietnam Airlines đang quyết liệt khai thác","Với giá trị lên tới 300 tỷ USD, điểm thưởng khách hàng thân thiết đã trở thành một tài sản tài chính khổng lồ. Các doanh nghiệp từ hàng không đến bán lẻ đang làm gì để không đứng ngoài cuộc chơi khai thác ""mỏ vàng"" này?","[HVN] Loại “tiền tệ” có giá trị phát hành 300 tỷ USD/năm, quyền lực thứ 3 thế giới sau USD, Euro: Vietnam Airlines đang quyết liệt khai thác. Với giá trị lên tới 300 tỷ USD, điểm thưởng khách hàng thân thiết đã trở thành một tài sản tài chính khổng lồ. Các doanh nghiệp từ hàng không đến bán lẻ đang làm gì để không đứng ngoài cuộc chơi khai thác ""mỏ vàng"" này?",https://cafef.vn/loai-tien-te-co-gia-tri-phat-hanh-300-ty-usd-nam-quyen-luc-thu-3-the-gioi-sau-usd-euro-vietnam-airlines-dang-quyet-liet-khai-thac-188250912070109037.chn,POSITIVE,,False
74b3538aac29,2026-06-08,SGI,True,"Chu kỳ tiền rẻ kết thúc, tiền mặt khan hiếm: SGI Capital chỉ ra một kênh sẽ ""lên ngôi""",SGI Capital tiếp tục giữ quan điểm thận trọng rằng chu kỳ tiền rẻ đã kết thúc và tiền mặt sẽ trở nên khan hiếm và dần lên ngôi và đảo ngược tâm lý sợ giữ tiền mặt đã bị đẩy lên đỉnh điểm vào năm ngoái,"[SGI] Chu kỳ tiền rẻ kết thúc, tiền mặt khan hiếm: SGI Capital chỉ ra một kênh sẽ ""lên ngôi"". SGI Capital tiếp tục giữ quan điểm thận trọng rằng chu kỳ tiền rẻ đã kết thúc và tiền mặt sẽ trở nên khan hiếm và dần lên ngôi và đảo ngược tâm lý sợ giữ tiền mặt đã bị đẩy lên đỉnh điểm vào năm ngoái",https://cafef.vn/chu-ky-tien-re-ket-thuc-tien-mat-khan-hiem-sgi-capital-chi-ra-mot-kenh-se-len-ngoi-188260608221804776.chn,,,False
55ec83d47099,2026-01-13,VGG,True,"May Việt Tiến đạt doanh thu hơn 18.500 tỷ đồng, lợi nhuận tăng 14%, thưởng Tết 23 triệu đồng","Kỷ niệm 50 năm thành lập, May Việt Tiến (VGG) công bố tổng doanh thu toàn hệ thống đạt 18.500 tỷ đồng và đặt tham vọng cán mốc 1 tỷ USD vào năm 2030, hướng tới mô hình tập đoàn đa quốc gia.","[VGG] May Việt Tiến đạt doanh thu hơn 18.500 tỷ đồng, lợi nhuận tăng 14%, thưởng Tết 23 triệu đồng. Kỷ niệm 50 năm thành lập, May Việt Tiến (VGG) công bố tổng doanh thu toàn hệ thống đạt 18.500 tỷ đồng và đặt tham vọng cán mốc 1 tỷ USD vào năm 2030, hướng tới mô hình tập đoàn đa quốc gia.",https://cafef.vn/may-viet-tien-dat-doanh-thu-hon-18500-ty-dong-loi-nhuan-tang-14-thuong-tet-23-trieu-dong-188260113071007985.chn,POSITIVE,"Doanh thu 18.500 tỷ, lãi tăng 14% YoY, thưởng Tết 23 triệu — tăng trưởng tích cực",True
a0294e2eeaf7,2026-06-26,MBS,True,"MBS dự báo lợi nhuận quý 2 của 13 ngân hàng: Hai nhà băng cùng tăng trưởng trên 45%, VietinBank lãi hơn 11.000 tỷ đồng","Tổng hợp, lợi nhuận sau thuế quý 2/2026 của các ngân hàng MBS Research theo dõi được kỳ vọng tăng khoảng 15% so với cùng kỳ.","[MBS] MBS dự báo lợi nhuận quý 2 của 13 ngân hàng: Hai nhà băng cùng tăng trưởng trên 45%, VietinBank lãi hơn 11.000 tỷ đồng. Tổng hợp, lợi nhuận sau thuế quý 2/2026 của các ngân hàng MBS Research theo dõi được kỳ vọng tăng khoảng 15% so với cùng kỳ.",https://cafef.vn/mbs-du-bao-loi-nhuan-quy-2-cua-13-ngan-hang-hai-nha-bang-cung-tang-truong-tren-45-vietinbank-lai-hon-11000-ty-dong-188260626142224499.chn,POSITIVE,"MBS dự báo lãi NH toàn ngành tăng 15% Q2, hai NH tăng >45% — tin tốt cho ngành, MBS là nhà phân tích",True
4423048e8314,2025-09-24,TDH,True,Cổ phiếu Thuduc House (TDH) tăng kịch trần sau tin thắng kiện vụ án hoàn thuế 365 tỷ đồng,"Ngày 23/09/2025, Tòa án nhân dân tối cao tại TP.HCM đã xét xử phúc thẩm vụ án hành chính ""Khiếu kiện quyết định hành chính"" giữa CTCP Phát triển Nhà Thủ Đức và Chi cục Thuế Khu vực II (trước đây là Cục Thuế TP.HCM).","[TDH] Cổ phiếu Thuduc House (TDH) tăng kịch trần sau tin thắng kiện vụ án hoàn thuế 365 tỷ đồng. Ngày 23/09/2025, Tòa án nhân dân tối cao tại TP.HCM đã xét xử phúc thẩm vụ án hành chính ""Khiếu kiện quyết định hành chính"" giữa CTCP Phát triển Nhà Thủ Đức và Chi cục Thuế Khu vực II (trước đây là Cục Thuế TP.HCM).",https://cafef.vn/co-phieu-thuduc-house-tdh-tang-kich-tran-sau-tin-thang-kien-vu-an-hoan-thue-365-ty-dong-188250924153345382.chn,POSITIVE,"TDH thắng kiện hoàn thuế 365 tỷ, cổ phiếu tăng kịch trần — thu hồi tài sản, tín hiệu tích cực",True
c4768feeef68,2026-01-26,VRE,True,"Vincom Retail báo lãi sau thuế năm 2025 hơn 6.400 tỷ, tăng trưởng 57%",Công ty đã đạt 137% kế hoạch lợi nhuận cả năm 2025.,"[VRE] Vincom Retail báo lãi sau thuế năm 2025 hơn 6.400 tỷ, tăng trưởng 57%. Công ty đã đạt 137% kế hoạch lợi nhuận cả năm 2025.",https://cafef.vn/vincom-retail-bao-lai-sau-thue-nam-2025-hon-6400-ty-tang-truong-57-188260126135815219.chn,POSITIVE,"VRE lãi năm 2025 hơn 6.400 tỷ, tăng 57% YoY, đạt 137% kế hoạch — KQKD xuất sắc",True
9462313bbfd8,2026-06-24,PVD,True,"Sở hữu “hạm đội” chuyên đào kho báu ngoài khơi, DN được dự báo lãi tăng hơn 43%, hưởng lợi từ loạt đại dự án, làm không hết việc","Sở hữu một trong những đội giàn khoan lớn nhất Việt Nam và tiếp tục mở rộng quy mô, Tổng CTCP Khoan và Dịch vụ Khoan Dầu khí (PV Drilling - PVD) được VNDirect đánh giá là doanh nghiệp hưởng lợi đáng kể từ chu kỳ đầu tư dầu khí mới.","[PVD] Sở hữu “hạm đội” chuyên đào kho báu ngoài khơi, DN được dự báo lãi tăng hơn 43%, hưởng lợi từ loạt đại dự án, làm không hết việc. Sở hữu một trong những đội giàn khoan lớn nhất Việt Nam và tiếp tục mở rộng quy mô, Tổng CTCP Khoan và Dịch vụ Khoan Dầu khí (PV Drilling - PVD) được VNDirect đánh giá là doanh nghiệp hưởng lợi đáng kể từ chu kỳ đầu tư dầu khí mới.",https://cafef.vn/so-huu-ham-doi-chuyen-dao-kho-bau-ngoai-khoi-dn-duoc-du-bao-lai-tang-hon-43-huong-loi-tu-loat-dai-du-an-lam-khong-het-viec-188260624062821254.chn,POSITIVE,,False
44110783e2c7,2025-10-17,VDS,True,"Chứng khoán Rồng Việt báo lãi kỷ lục trong một quý, lợi nhuận gấp 3,4 lần cùng kỳ","Chứng khoán Rồng Việt vừa công bố Báo cáo tài chính (BCTC) riêng Quý 3/2025, ghi nhận doanh thu 466 tỷ đồng và lợi nhuận trước thuế 310 tỷ đồng, tăng 3,4 lần so với cùng kỳ năm 2024.","[VDS] Chứng khoán Rồng Việt báo lãi kỷ lục trong một quý, lợi nhuận gấp 3,4 lần cùng kỳ. Chứng khoán Rồng Việt vừa công bố Báo cáo tài chính (BCTC) riêng Quý 3/2025, ghi nhận doanh thu 466 tỷ đồng và lợi nhuận trước thuế 310 tỷ đồng, tăng 3,4 lần so với cùng kỳ năm 2024.",https://cafef.vn/chung-khoan-rong-viet-bao-lai-ky-luc-trong-mot-quy-loi-nhuan-gap-34-lan-cung-ky-188251017113418718.chn,,,False
e8762e3868ad,2026-06-05,VPL,True,Vinpearl ra mắt Vinpearl Legendlux – Thương hiệu khách sạn siêu sang tôn vinh bản sắc Việt,"Ngày 06/06/2026 – Vinpearl công bố ra mắt Vinpearl Legendlux – thương hiệu khách sạn 6 sao mang tinh thần Việt độc bản dành cho cộng đồng tinh hoa thế giới. Dự án đầu tiên sẽ được triển khai tại vịnh biển Đệ nhất hùng quan - Vinhomes Hải Vân Bay (Đà Nẵng) với mục tiêu trở thành “kỳ quan nghỉ dưỡng”, góp phần kiến tạo dấu ấn Việt Nam trên bản đồ du lịch siêu sang toàn cầu.","[VPL] Vinpearl ra mắt Vinpearl Legendlux – Thương hiệu khách sạn siêu sang tôn vinh bản sắc Việt. Ngày 06/06/2026 – Vinpearl công bố ra mắt Vinpearl Legendlux – thương hiệu khách sạn 6 sao mang tinh thần Việt độc bản dành cho cộng đồng tinh hoa thế giới. Dự án đầu tiên sẽ được triển khai tại vịnh biển Đệ nhất hùng quan - Vinhomes Hải Vân Bay (Đà Nẵng) với mục tiêu trở thành “kỳ quan nghỉ dưỡng”, góp phần kiến tạo dấu ấn Việt Nam trên bản đồ du lịch siêu sang toàn cầu.",https://cafef.vn/vinpearl-ra-mat-vinpearl-legendlux-thuong-hieu-khach-san-sieu-sang-ton-vinh-ban-sac-viet-188260605210233516.chn,POSITIVE,,False
ee389bc3d317,2026-04-11,VCB,True,Vietcombank thông báo sẽ điều chỉnh lãi suất tiết kiệm từ thứ Hai tuần tới,Quyết định trên được Vietcombank đưa ra sau cuộc họp giữa Ngân hàng Nhà nước và 46 ngân hàng thương mại chiều 09/4/2026.,[VCB] Vietcombank thông báo sẽ điều chỉnh lãi suất tiết kiệm từ thứ Hai tuần tới. Quyết định trên được Vietcombank đưa ra sau cuộc họp giữa Ngân hàng Nhà nước và 46 ngân hàng thương mại chiều 09/4/2026.,https://cafef.vn/vietcombank-thong-bao-se-dieu-chinh-lai-suat-tiet-kiem-tu-thu-hai-tuan-toi-188260411102427208.chn,,,False
982a8ed5023b,2026-04-15,SGT,True,Công ty ông Đặng Thành Tâm dồn vốn làm data center và máy bay không người lái,"Tại Đại hội cổ đông ngày 15/04, Saigontel (SGT) đã thông qua phương án giữ lại lợi nhuận năm 2025 và thực hiện chiến lược hợp tác hạ tầng số cùng các đối tác Hàn Quốc.","[SGT] Công ty ông Đặng Thành Tâm dồn vốn làm data center và máy bay không người lái. Tại Đại hội cổ đông ngày 15/04, Saigontel (SGT) đã thông qua phương án giữ lại lợi nhuận năm 2025 và thực hiện chiến lược hợp tác hạ tầng số cùng các đối tác Hàn Quốc.",https://cafef.vn/cong-ty-ong-dang-thanh-tam-don-von-lam-data-center-va-may-bay-khong-nguoi-lai-188260415153314345.chn,POSITIVE,,False
4c7a6f2cb286,2026-02-10,QNS,True,Lãnh đạo Đường Quảng Ngãi chỉ mua vào 28% lượng cổ phiếu QNS đã đăng ký,Do điều kiện thị trường chưa phù hợp nên ông Võ Thành Đàng- Phó Chủ tịch HĐQT kiêm Tổng Giám đốc của Đường Quảng Ngãi chỉ mua vào 279.300 cổ phiếu QNS trong tổng số 1 triệu cổ phiếu đã đăng ký.,[QNS] Lãnh đạo Đường Quảng Ngãi chỉ mua vào 28% lượng cổ phiếu QNS đã đăng ký. Do điều kiện thị trường chưa phù hợp nên ông Võ Thành Đàng- Phó Chủ tịch HĐQT kiêm Tổng Giám đốc của Đường Quảng Ngãi chỉ mua vào 279.300 cổ phiếu QNS trong tổng số 1 triệu cổ phiếu đã đăng ký.,https://cafef.vn/lanh-dao-duong-quang-ngai-chi-mua-vao-28-luong-co-phieu-qns-da-dang-ky-188260210135424347.chn,,,False
2c0d22152517,2025-10-22,KDC,False,Vì sao Kido bị xử phạt hành chính 240 triệu đồng?,Do đã có hành vi công bố thông tin không đúng thời hạn và công bố thông tin sai lệch nên Kido đã bị UBCKNN xử phạt hành chính tổng số tiền 240 triệu đồng.,[KDC] Vì sao Kido bị xử phạt hành chính 240 triệu đồng?. Do đã có hành vi công bố thông tin không đúng thời hạn và công bố thông tin sai lệch nên Kido đã bị UBCKNN xử phạt hành chính tổng số tiền 240 triệu đồng.,https://cafef.vn/vi-sao-kido-bi-xu-phat-hanh-chinh-240-trieu-dong-188251022134021852.chn,NEGATIVE,KDC bị phạt 240 triệu vì công bố thông tin sai lệch và trễ hạn,True
0eaddbaa97ca,2025-10-28,SGN,True,"Mất khách hàng Vietjet, Phục vụ Mặt đất Sài Gòn báo lãi quý 3/2025 giảm 44%","Lũy kế 9 tháng đầu năm 2025, Phục vụ Mặt đất Sài Gòn ghi nhận doanh thu thuần đạt 1.124 tỷ đồng, gần như đi ngang so với cùng kỳ, lãi ròng đạt gần 166 tỷ đồng, giảm 14% so với cùng kỳ.","[SGN] Mất khách hàng Vietjet, Phục vụ Mặt đất Sài Gòn báo lãi quý 3/2025 giảm 44%. Lũy kế 9 tháng đầu năm 2025, Phục vụ Mặt đất Sài Gòn ghi nhận doanh thu thuần đạt 1.124 tỷ đồng, gần như đi ngang so với cùng kỳ, lãi ròng đạt gần 166 tỷ đồng, giảm 14% so với cùng kỳ.",https://cafef.vn/mat-khach-hang-vietjet-phuc-vu-mat-dat-sai-gon-bao-lai-quy-3-2025-giam-44-188251028203831236.chn,NEGATIVE,"Mất khách hàng Vietjet, lãi Q3 giảm 44% YoY — KQKD sụt giảm rõ ràng",True
2b595e2f999f,2026-04-16,FPT,True,"FPT ảnh hưởng thế nào khi thay đổi cổ đông nắm 50,17% cổ phần FPT Telecom?","Khi Bộ Công an được Chính phủ giao nhiều nhiệm vụ trọng yếu, đặc biệt là các đề án liên quan đến hạ tầng quốc gia và chuyển đổi số, các doanh nghiệp có liên quan sẽ được hưởng lợi.","[FPT] FPT ảnh hưởng thế nào khi thay đổi cổ đông nắm 50,17% cổ phần FPT Telecom?. Khi Bộ Công an được Chính phủ giao nhiều nhiệm vụ trọng yếu, đặc biệt là các đề án liên quan đến hạ tầng quốc gia và chuyển đổi số, các doanh nghiệp có liên quan sẽ được hưởng lợi.",https://cafef.vn/fpt-anh-huong-the-nao-khi-bo-cong-an-nam-5017-co-phan-fpt-telecom-188260416230940729.chn,POSITIVE,Bộ Công an nhận nhiệm vụ hạ tầng & chuyển đổi số — FPT hưởng lợi gián tiếp nhưng sapo nói rõ,True
8a8406390c57,2025-10-01,CTD,True,Coteccons (CTD) đặt cược vào mục tiêu 30.000 tỷ: Tham vọng vượt đỉnh lịch sử đi kèm nỗi lo dòng tiền âm hơn 1.100 tỷ đồng.,"Sau một năm tài chính vượt kế hoạch lợi nhuận, Coteccons tiếp tục đặt ra một mục tiêu đầy tham vọng cho năm tài chính 2026 với doanh thu kỷ lục 30.000 tỷ đồng. Kế hoạch này không chỉ dựa trên nền tảng backlog ""khủng"" mà còn đi kèm với những thách thức không nhỏ về quản trị dòng tiền và hiệu quả chi phí.","[CTD] Coteccons (CTD) đặt cược vào mục tiêu 30.000 tỷ: Tham vọng vượt đỉnh lịch sử đi kèm nỗi lo dòng tiền âm hơn 1.100 tỷ đồng.. Sau một năm tài chính vượt kế hoạch lợi nhuận, Coteccons tiếp tục đặt ra một mục tiêu đầy tham vọng cho năm tài chính 2026 với doanh thu kỷ lục 30.000 tỷ đồng. Kế hoạch này không chỉ dựa trên nền tảng backlog ""khủng"" mà còn đi kèm với những thách thức không nhỏ về quản trị dòng tiền và hiệu quả chi phí.",https://cafef.vn/coteccons-ctd-dat-cuoc-vao-muc-tieu-30000-ty-tham-vong-vuot-dinh-lich-su-di-kem-noi-lo-dong-tien-am-hon-1100-ty-dong-188251001154354008.chn,NEGATIVE,,False
acd07f831867,2026-06-28,HVN,True,"ĐHĐCĐ Vietnam Airlines: Doanh thu 2026 mục tiêu 138.899 tỷ đồng, khai thác tàu chở hàng đầu tiên vào quý 3 năm nay","Trong năm 2026, Vietnam Airlines đặt mục tiêu vận chuyển 27,7 triệu lượt hành khách và 361,4 triệu tấn hàng hóa, tăng lần lượt 8,1% và 6,2% so với năm 2025. Doanh thu hợp nhất dự kiến đạt 138.899 tỷ đồng, tăng hơn 12% so với cùng kỳ.","[HVN] ĐHĐCĐ Vietnam Airlines: Doanh thu 2026 mục tiêu 138.899 tỷ đồng, khai thác tàu chở hàng đầu tiên vào quý 3 năm nay. Trong năm 2026, Vietnam Airlines đặt mục tiêu vận chuyển 27,7 triệu lượt hành khách và 361,4 triệu tấn hàng hóa, tăng lần lượt 8,1% và 6,2% so với năm 2025. Doanh thu hợp nhất dự kiến đạt 138.899 tỷ đồng, tăng hơn 12% so với cùng kỳ.",https://cafef.vn/dhdcd-vietnam-airlines-doanh-thu-2026-muc-tieu-138899-ty-dong-khai-thac-tau-cho-hang-dau-tien-vao-quy-3-nam-nay-188260628143259518.chn,,,False
4c0e33479592,2025-07-23,IJC,True,Becamex IJC bị xử phạt do vi phạm công bố thông tin,"Do công bố thông tin không đúng thời hạn và công bố thông tin không đầy đủ nội dung theo quy định của pháp luật, Becamex IJC bị UBCKNN xử phạt hành chính 130 triệu đồng.","[IJC] Becamex IJC bị xử phạt do vi phạm công bố thông tin. Do công bố thông tin không đúng thời hạn và công bố thông tin không đầy đủ nội dung theo quy định của pháp luật, Becamex IJC bị UBCKNN xử phạt hành chính 130 triệu đồng.",https://cafef.vn/becamex-ijc-bi-xu-phat-do-vi-pham-cong-bo-thong-tin-188250723153031157.chn,NEGATIVE,Bị UBCKNN xử phạt 130 triệu vì vi phạm công bố thông tin,True
84200e2e1ad5,2026-03-17,DGC,True,"Bắt dàn lãnh đạo Hóa chất Đức Giang: Nguồn thu trăm tỷ từ mỏ quặng lậu và hàng triệu tấn chất thải trái phép, công ty lãi cả nghìn tỷ mỗi năm từ 2020","Cơ quan Cảnh sát điều tra Bộ Công an vừa khởi tố Chủ tịch Tập đoàn Hóa chất Đức Giang cùng 13 quản lý cấp cao, làm rõ chuỗi hành vi khai thác khoáng sản trái phép, trốn thuế và xả thải sai quy định nhằm tối đa hóa lợi nhuận, mang về hàng trăm tỷ đồng ngoài sổ sách.","[DGC] Bắt dàn lãnh đạo Hóa chất Đức Giang: Nguồn thu trăm tỷ từ mỏ quặng lậu và hàng triệu tấn chất thải trái phép, công ty lãi cả nghìn tỷ mỗi năm từ 2020. Cơ quan Cảnh sát điều tra Bộ Công an vừa khởi tố Chủ tịch Tập đoàn Hóa chất Đức Giang cùng 13 quản lý cấp cao, làm rõ chuỗi hành vi khai thác khoáng sản trái phép, trốn thuế và xả thải sai quy định nhằm tối đa hóa lợi nhuận, mang về hàng trăm tỷ đồng ngoài sổ sách.",https://cafef.vn/bat-dan-lanh-dao-hoa-chat-duc-giang-nguon-thu-tram-ty-tu-mo-quang-lau-va-hang-trieu-tan-chat-thai-trai-phep-cong-ty-lai-ca-nghin-ty-moi-nam-tu-2020-188260317145154338.chn,NEGATIVE,"Bắt 14 lãnh đạo DGC, khởi tố khai thác khoáng sản trái phép, trốn thuế — sự kiện cực kỳ tiêu cực",True
3d8dc890c28e,2026-04-02,GEX,True,Nóng: Gelex bổ nhiệm Tân Tổng giám đốc sinh năm 1994,"CTCP Tập đoàn Gelex (GEX) vừa công bố quyết định bổ nhiệm ông Lê Tuấn Anh giữ chức Tổng giám đốc từ ngày 01/04/2026, kiện toàn bộ máy lãnh đạo trong giai đoạn chiến lược mới của tập đoàn có vốn hóa 1,3 tỷ USD.","[GEX] Nóng: Gelex bổ nhiệm Tân Tổng giám đốc sinh năm 1994. CTCP Tập đoàn Gelex (GEX) vừa công bố quyết định bổ nhiệm ông Lê Tuấn Anh giữ chức Tổng giám đốc từ ngày 01/04/2026, kiện toàn bộ máy lãnh đạo trong giai đoạn chiến lược mới của tập đoàn có vốn hóa 1,3 tỷ USD.",https://cafef.vn/nong-gelex-bo-nhiem-tan-tong-giam-doc-sinh-nam-1994-188260402112650591.chn,NEUTRAL,,False
6ef406274e1a,2026-03-19,VDS,True,Chứng khoán Rồng Việt trình kế hoạch tăng vốn lên 4.500 tỷ đồng,Chứng khoán Rồng Việt trình cổ đông 4 phương án phát hành tổng cộng 178 triệu cổ phiếu để tăng vốn điều lệ lên 4.500 tỷ đồng.,[VDS] Chứng khoán Rồng Việt trình kế hoạch tăng vốn lên 4.500 tỷ đồng. Chứng khoán Rồng Việt trình cổ đông 4 phương án phát hành tổng cộng 178 triệu cổ phiếu để tăng vốn điều lệ lên 4.500 tỷ đồng.,https://cafef.vn/chung-khoan-rong-viet-trinh-ke-hoach-tang-von-len-4500-ty-dong-188260319133927452.chn,,,False
85105fe831aa,2024-12-31,TPB,True,TPBank tái hiện từng bước xanh hóa qua Báo cáo Phát triển bền vững,"Ngân hàng TMCP Tiên Phong (TPBank, MCK: TPB) công bố Báo cáo Phát triển bền vững (PTBV) với những cam kết mạnh mẽ trong hành trình chuyển đổi ngân hàng xanh, góp phần vào sự phát triển bền vững và thịnh vượng chung của quốc gia.","[TPB] TPBank tái hiện từng bước xanh hóa qua Báo cáo Phát triển bền vững. Ngân hàng TMCP Tiên Phong (TPBank, MCK: TPB) công bố Báo cáo Phát triển bền vững (PTBV) với những cam kết mạnh mẽ trong hành trình chuyển đổi ngân hàng xanh, góp phần vào sự phát triển bền vững và thịnh vượng chung của quốc gia.",https://cafef.vn/tpbank-tai-hien-tung-buoc-xanh-hoa-qua-bao-cao-phat-trien-ben-vung-188241231074921252.chn,POSITIVE,,False
e899a27995c4,2025-08-12,MSB,True,Dấu ấn vươn tầm MSB 34 năm,"Năm 2025 đánh dấu chặng đường 34 năm bền bỉ của MSB – một hành trình không chỉ được đo bằng thời gian, mà còn bằng những giá trị mang lại, những bước chuyển mình bền vững, và niềm tin được tích lũy nơi hàng triệu khách hàng qua từng thế hệ.","[MSB] Dấu ấn vươn tầm MSB 34 năm. Năm 2025 đánh dấu chặng đường 34 năm bền bỉ của MSB – một hành trình không chỉ được đo bằng thời gian, mà còn bằng những giá trị mang lại, những bước chuyển mình bền vững, và niềm tin được tích lũy nơi hàng triệu khách hàng qua từng thế hệ.",https://cafef.vn/dau-an-vuon-tam-msb-34-nam-188250812150322656.chn,,,False
6f426a979633,2026-04-14,NRC,True,Tập đoàn NRC gia hạn thời gian tổ chức ĐHĐCĐ thường niên năm 2026,Tập đoàn NRC gia hạn thời gian tổ chức ĐHĐCĐ thường niên năm 2026 chậm nhất ngày 30/6/2026 để hoàn thiện các nội dung trình đại hội.,[NRC] Tập đoàn NRC gia hạn thời gian tổ chức ĐHĐCĐ thường niên năm 2026. Tập đoàn NRC gia hạn thời gian tổ chức ĐHĐCĐ thường niên năm 2026 chậm nhất ngày 30/6/2026 để hoàn thiện các nội dung trình đại hội.,https://cafef.vn/tap-doan-nrc-gia-han-thoi-gian-to-chuc-dhdcd-thuong-nien-nam-2026-188260414121435903.chn,NEUTRAL,"Gia hạn họp ĐHCĐ — thủ tục hành chính, không tác động tài chính",True
0231befd5eb8,2026-04-29,STB,True,"SACOMBANK công bố kết quả kinh doanh Quý I/2026: Duy trì định hướng thận trọng, thực chất, từng bước nâng cao hiệu quả hoạt động","Trong bối cảnh thị trường tài chính - ngân hàng những tháng đầu năm 2026 tiếp tục đối mặt với nhiều thách thức, Ngân hàng TMCP Sài Gòn Thương Tín (SACOMBANK) ghi nhận lợi nhuận hợp nhất trước thuế Quý I đạt hơn 2.106 tỷ đồng, tương đương 26% kế hoạch năm. Mức thực hiện này phản ánh quan điểm điều hành thận trọng của Ngân hàng trong giai đoạn hiện nay, khi củng cố nền tảng và kiểm soát rủi ro trở thành ưu tiên hàng đầu.","[STB] SACOMBANK công bố kết quả kinh doanh Quý I/2026: Duy trì định hướng thận trọng, thực chất, từng bước nâng cao hiệu quả hoạt động. Trong bối cảnh thị trường tài chính - ngân hàng những tháng đầu năm 2026 tiếp tục đối mặt với nhiều thách thức, Ngân hàng TMCP Sài Gòn Thương Tín (SACOMBANK) ghi nhận lợi nhuận hợp nhất trước thuế Quý I đạt hơn 2.106 tỷ đồng, tương đương 26% kế hoạch năm. Mức thực hiện này phản ánh quan điểm điều hành thận trọng của Ngân hàng trong giai đoạn hiện nay, khi củng cố nền tảng và kiểm soát rủi ro trở thành ưu tiên hàng đầu.",https://cafef.vn/sacombank-cong-bo-ket-qua-kinh-doanh-quy-i-2026-duy-tri-dinh-huong-than-trong-thuc-chat-tung-buoc-nang-cao-hieu-qua-hoat-dong-188260429113244305.chn,NEUTRAL,"STB Q1/2026 lãi 2.106 tỷ, đạt 26% kế hoạch — tiến độ bình thường, không đột biến",True
b7547d0623a0,2026-04-21,PNJ,True,"Giá vàng miếng, vàng nhẫn tăng mạnh, PNJ lãi lớn","Lãi sau thuế của Công ty PNJ tăng tới 116% so với cùng kỳ trong quý đầu năm 2026, khi giá vàng trong nước có thời điểm lập đỉnh 190 triệu đồng/lượng.","[PNJ] Giá vàng miếng, vàng nhẫn tăng mạnh, PNJ lãi lớn. Lãi sau thuế của Công ty PNJ tăng tới 116% so với cùng kỳ trong quý đầu năm 2026, khi giá vàng trong nước có thời điểm lập đỉnh 190 triệu đồng/lượng.",https://cafef.vn/gia-vang-mieng-vang-nhan-tang-manh-pnj-lai-lon-188260421203436565.chn,POSITIVE,,False
7ead06cbea14,2026-07-17,NTC,False,"Phát hiện một ông lớn KCN đang nắm khoản đầu tư sinh lời hơn 1.100%, sở hữu “kho tiền” nghìn tỷ, lãi quý II tăng 36%","Một ông lớn khu công nghiệp vừa ghi nhận lợi nhuận quý II tăng mạnh, trong khi lượng tiền và tiền gửi vượt 1.300 tỷ đồng. Đáng chú ý, một khoản đầu tư của doanh nghiệp hiện có giá trị cao gấp hơn 12 lần vốn ban đầu.","[NTC] Phát hiện một ông lớn KCN đang nắm khoản đầu tư sinh lời hơn 1.100%, sở hữu “kho tiền” nghìn tỷ, lãi quý II tăng 36%. Một ông lớn khu công nghiệp vừa ghi nhận lợi nhuận quý II tăng mạnh, trong khi lượng tiền và tiền gửi vượt 1.300 tỷ đồng. Đáng chú ý, một khoản đầu tư của doanh nghiệp hiện có giá trị cao gấp hơn 12 lần vốn ban đầu.",https://cafef.vn/phat-hien-mot-ong-lon-kcn-dang-nam-khoan-dau-tu-sinh-loi-hon-1100-so-huu-kho-tien-nghin-ty-lai-quy-ii-tang-36-188260717082057848.chn,POSITIVE,"Lãi Q2 NTC tăng 36%, có khoản đầu tư sinh lời 1.100%, tiền mặt 1.300 tỷ — KQKD và tài sản tích cực",True
aa8573b0ac31,2025-08-08,NAF,True,"Doanh thu – lợi nhuận kỷ lục, Nafoods khởi công xây dựng NASOCO giai đoạn 2","Nafoods Group (HOSE: NAF) ghi nhận doanh thu, lợi nhuận kỷ lục trong Quý II/2025 và 6 tháng đầu năm. Đồng thời, doanh nghiệp triển khai giai đoạn 2 dự án Nasoco, mở rộng công suất để đón đầu cơ hội tăng trưởng.","[NAF] Doanh thu – lợi nhuận kỷ lục, Nafoods khởi công xây dựng NASOCO giai đoạn 2. Nafoods Group (HOSE: NAF) ghi nhận doanh thu, lợi nhuận kỷ lục trong Quý II/2025 và 6 tháng đầu năm. Đồng thời, doanh nghiệp triển khai giai đoạn 2 dự án Nasoco, mở rộng công suất để đón đầu cơ hội tăng trưởng.",https://cafef.vn/doanh-thu-loi-nhuan-ky-luc-nafoods-khoi-cong-xay-dung-nasoco-giai-doan-2-188250808192149022.chn,,,False
be70a315812e,2025-12-18,QCG,True,Quyết định quan trọng với Quốc Cường Gia Lai,"Cổ đông đồng ý cho Công ty CP Quốc Cường Gia Lai chuyển nhượng phần vốn góp tại các công ty con và công ty liên kết ngay trong năm nay, chấp thuận cho QCG hợp tác kinh doanh các sản phẩm, dự án bất động sản đang sở hữu với các nhà đầu tư bên ngoài.","[QCG] Quyết định quan trọng với Quốc Cường Gia Lai. Cổ đông đồng ý cho Công ty CP Quốc Cường Gia Lai chuyển nhượng phần vốn góp tại các công ty con và công ty liên kết ngay trong năm nay, chấp thuận cho QCG hợp tác kinh doanh các sản phẩm, dự án bất động sản đang sở hữu với các nhà đầu tư bên ngoài.",https://cafef.vn/quyet-dinh-quan-trong-voi-quoc-cuong-gia-lai-188251218164830029.chn,POSITIVE,QCG cổ đông đồng ý chuyển nhượng tài sản và hợp tác BĐS — mở ra cơ hội thoái vốn và hợp tác,True
d72f7a895710,2026-06-28,TTD,True,"Cổ phiếu bệnh viện chia thưởng 100%, nhà đầu tư lãi gần gấp đôi trong 1 tháng","Dù vừa bị điều chỉnh kỹ thuật do chia thưởng cổ phiếu tỷ lệ 1:1, thị giá TTD đã nhanh chóng bật tăng mạnh chỉ sau vài phiên giao dịch.","[TTD] Cổ phiếu bệnh viện chia thưởng 100%, nhà đầu tư lãi gần gấp đôi trong 1 tháng. Dù vừa bị điều chỉnh kỹ thuật do chia thưởng cổ phiếu tỷ lệ 1:1, thị giá TTD đã nhanh chóng bật tăng mạnh chỉ sau vài phiên giao dịch.",https://cafef.vn/co-phieu-benh-vien-chia-thuong-100-nha-dau-tu-lai-gan-gap-doi-trong-1-thang-188260628233152124.chn,NEUTRAL,"Co phieu thuong 100%, khong tao gia tri moi - chia thuong de dieu chinh menh gia",True
2ce44dfef940,2026-01-13,CAN,True,NÓI THẲNG: Patê 'bẩn' của Hạ Long Canfoco và những người không thể vô can,Hơn 130 tấn thịt heo chứa virus dịch tả heo châu Phi đã được bán cho Công ty CP Đồ hộp Hạ Long (Hạ Long Canfoco) để sản xuất các sản phẩm như patê,[CAN] NÓI THẲNG: Patê 'bẩn' của Hạ Long Canfoco và những người không thể vô can. Hơn 130 tấn thịt heo chứa virus dịch tả heo châu Phi đã được bán cho Công ty CP Đồ hộp Hạ Long (Hạ Long Canfoco) để sản xuất các sản phẩm như patê,https://cafef.vn/noi-thang-pate-ban-cua-ha-long-canfoco-va-nhung-nguoi-khong-the-vo-can-188260113181203928.chn,NEGATIVE,,False
10e595ccb7f6,2025-12-08,SBT,False,"""Vua mía đường"" chốt phát hành 1.000 tỷ đồng trái phiếu chuyển đổi lãi suất 9,5%, IPO các đơn vị thành viên cho tham vọng vốn hóa 2,7 tỷ USD","Mặc dù ghi nhận doanh thu vượt mốc 28.000 tỷ đồng trong niên độ vừa qua, AgriS vẫn đặt kế hoạch kinh doanh niên độ 2025-2026 khá thận trọng đi kèm chiến lược huy động vốn qua kênh trái phiếu để tái cấu trúc tài chính.","[SBT] ""Vua mía đường"" chốt phát hành 1.000 tỷ đồng trái phiếu chuyển đổi lãi suất 9,5%, IPO các đơn vị thành viên cho tham vọng vốn hóa 2,7 tỷ USD. Mặc dù ghi nhận doanh thu vượt mốc 28.000 tỷ đồng trong niên độ vừa qua, AgriS vẫn đặt kế hoạch kinh doanh niên độ 2025-2026 khá thận trọng đi kèm chiến lược huy động vốn qua kênh trái phiếu để tái cấu trúc tài chính.",https://cafef.vn/vua-mia-duong-chot-phat-hanh-1000-ty-dong-trai-phieu-chuyen-doi-lai-suat-95-ipo-cac-don-vi-thanh-vien-cho-tham-vong-von-hoa-27-ty-usd-188251208090842064.chn,NEUTRAL,"AgriS phát hành 1.000 tỷ trái phiếu chuyển đổi, kế hoạch thận trọng — trái phiếu tái cơ cấu, tác động SBT chưa rõ",True
cb340f3a3d9e,2025-11-11,VPS,True,Thành viên HĐQT VPS đăng ký mua 1 triệu cổ phiếu trong đợt IPO,"VPS chấp thuận cho Thành viên HĐQT Nguyễn Thị Thu Hồng được mua 1 triệu cổ phiếu trong đợt IPO của công ty, giá chào bán là 60.000 đồng/cổ phiếu.","[VPS] Thành viên HĐQT VPS đăng ký mua 1 triệu cổ phiếu trong đợt IPO. VPS chấp thuận cho Thành viên HĐQT Nguyễn Thị Thu Hồng được mua 1 triệu cổ phiếu trong đợt IPO của công ty, giá chào bán là 60.000 đồng/cổ phiếu.",https://cafef.vn/thanh-vien-hdqt-vps-dang-ky-mua-1-trieu-co-phieu-trong-dot-ipo-188251111144415588.chn,POSITIVE,Thành viên HĐQT VPS đăng ký mua 1 triệu cp trong IPO — insider mua vào,True
4383270ba5ce,2025-09-19,YEG,True,"“Anh trai” và “Chị đẹp” gây sốt, Yeah1 (YEG) đã trở lại cuộc đua tăng trưởng?","Kết quả kinh doanh cải thiện mạnh mẽ, chiến lược đầu tư bài bản vào nội dung bản quyền và hệ sinh thái số đang giúp YEG lấy lại vị thế từng có trên sàn chứng khoán.","[YEG] “Anh trai” và “Chị đẹp” gây sốt, Yeah1 (YEG) đã trở lại cuộc đua tăng trưởng?. Kết quả kinh doanh cải thiện mạnh mẽ, chiến lược đầu tư bài bản vào nội dung bản quyền và hệ sinh thái số đang giúp YEG lấy lại vị thế từng có trên sàn chứng khoán.",https://cafef.vn/anh-trai-va-chi-dep-gay-sot-yeah1-yeg-da-tro-lai-cuoc-dua-tang-truong-188250919223129927.chn,,,False
54084e10cbcb,2026-06-12,CCV,True,Ra quyết định khởi tố Mai Hà Trang - Chủ tịch HĐQT CCV Group,Mai Hà Trang bị khởi tố để điều tra về hành vi “Lừa đảo chiếm đoạt tài sản” theo quy định của Bộ luật Hình sự.,[CCV] Ra quyết định khởi tố Mai Hà Trang - Chủ tịch HĐQT CCV Group. Mai Hà Trang bị khởi tố để điều tra về hành vi “Lừa đảo chiếm đoạt tài sản” theo quy định của Bộ luật Hình sự.,https://cafef.vn/ra-quyet-dinh-khoi-to-mai-ha-trang-chu-tich-hdqt-ccv-group-188260612190221145.chn,NEGATIVE,,False
ffd7ce674d1e,2025-09-13,MWG,True,"Dragon Capital: Các thương vụ IPO TCBS, VPBankS, Thế Giới Di Động... có thể trở thành chất xúc tác cho thị trường chứng khoán","Ngoài TCBS, VPBank, một số doanh nghiệp khác thuộc lĩnh vực hạ tầng và bán lẻ như Hạ tầng Gelex, C.P Việt Nam, Highlands Coffee và các công ty tách ra từ chuỗi bán lẻ Thế Giới Di Động cũng được thị trường chờ đón với các giao dịch IPO.","[MWG] Dragon Capital: Các thương vụ IPO TCBS, VPBankS, Thế Giới Di Động... có thể trở thành chất xúc tác cho thị trường chứng khoán. Ngoài TCBS, VPBank, một số doanh nghiệp khác thuộc lĩnh vực hạ tầng và bán lẻ như Hạ tầng Gelex, C.P Việt Nam, Highlands Coffee và các công ty tách ra từ chuỗi bán lẻ Thế Giới Di Động cũng được thị trường chờ đón với các giao dịch IPO.",https://cafef.vn/dragon-capital-cac-thuong-vu-ipo-tcbs-vpbanks-the-gioi-di-dong-co-the-tro-thanh-chat-xuc-tac-cho-thi-truong-chung-khoan-18825091322442366.chn,,,False
50c6023c1c2f,2025-10-27,DSC,True,Thành viên HĐQT và cổ đông lớn không muốn tham gia đợt chào bán cổ phiếu của DSC,"Sau 2 cổ đông lớn là Đầu tư NTP và Chủ tịch Nguyễn Đức Anh, tới lượt Thành viên HĐQT Nguyễn Thị Thu Hà đăng ký chuyển nhượng quyền mua cổ phiếu của DSC.","[DSC] Thành viên HĐQT và cổ đông lớn không muốn tham gia đợt chào bán cổ phiếu của DSC. Sau 2 cổ đông lớn là Đầu tư NTP và Chủ tịch Nguyễn Đức Anh, tới lượt Thành viên HĐQT Nguyễn Thị Thu Hà đăng ký chuyển nhượng quyền mua cổ phiếu của DSC.",https://cafef.vn/thanh-vien-hdqt-va-co-dong-lon-khong-muon-tham-gia-dot-chao-ban-co-phieu-cua-dsc-188251027140208672.chn,NEGATIVE,Cổ đông lớn và HĐQT từ chối mua cổ phiếu phát hành mới của DSC — insiders không muốn đầu tư thêm,True
3ca3026a7534,2026-02-01,VCB,True,Đẳng cấp như Vietcombank: Tất cả các nhóm nợ xấu đều giảm rất mạnh,"Theo đó, tỷ lệ nợ xấu của Vietcombank xuống mức thấp hiếm có tại nhà băng này, cũng là hiếm thấy trong hệ thống ngân hàng thương mại Việt Nam.","[VCB] Đẳng cấp như Vietcombank: Tất cả các nhóm nợ xấu đều giảm rất mạnh. Theo đó, tỷ lệ nợ xấu của Vietcombank xuống mức thấp hiếm có tại nhà băng này, cũng là hiếm thấy trong hệ thống ngân hàng thương mại Việt Nam.",https://cafef.vn/dang-cap-nhu-vietcombank-tat-ca-cac-nhom-no-xau-deu-giam-rat-manh-188260201104139946.chn,POSITIVE,,False
8c8c9a570df8,2026-06-23,KSF,True,Khởi công đường N1 và D7 bao quanh Noble Crystal Riverside: Gỡ nút thắt hạ tầng quan trọng tại Đào Trí - Phú Thuận,"Sáng 23/6, UBND phường Phú Thuận (TP.HCM) tổ chức lễ khởi công xây dựng đường N1 và D7 bao quanh dự án Noble Crystal Riverside (Tập đoàn Sunshine). Sự kiện góp phần tháo gỡ những điểm nghẽn hạ tầng tại khu vực Đào Trí, từng bước hoàn thiện mạng lưới giao thông và gia tăng khả năng kết nối cho “cung đường tỷ đô” tại khu Nam TP.HCM.","[KSF] Khởi công đường N1 và D7 bao quanh Noble Crystal Riverside: Gỡ nút thắt hạ tầng quan trọng tại Đào Trí - Phú Thuận. Sáng 23/6, UBND phường Phú Thuận (TP.HCM) tổ chức lễ khởi công xây dựng đường N1 và D7 bao quanh dự án Noble Crystal Riverside (Tập đoàn Sunshine). Sự kiện góp phần tháo gỡ những điểm nghẽn hạ tầng tại khu vực Đào Trí, từng bước hoàn thiện mạng lưới giao thông và gia tăng khả năng kết nối cho “cung đường tỷ đô” tại khu Nam TP.HCM.",https://cafef.vn/khoi-cong-duong-n1-va-d7-bao-quanh-noble-crystal-riverside-go-nut-that-ha-tang-quan-trong-tai-dao-tri-phu-thuan-188260623214659115.chn,,,False
f33d9500cb74,2025-12-11,QCG,True,"Ngược dòng, cổ phiếu QCG “tím lịm” phiên thứ 2 giữa lúc VN-Index “lao dốc” mạnh","Ngược dòng thị trường, cổ phiếu QCG của Quốc Cường Gia Lai tăng hết biên độ phiên thứ 2 liên tiếp giữa lúc chỉ số chính VN-Index tiếp đà sụt giảm, “bốc hơi” thêm hơn 20 điểm trong phiên 11/12.","[QCG] Ngược dòng, cổ phiếu QCG “tím lịm” phiên thứ 2 giữa lúc VN-Index “lao dốc” mạnh. Ngược dòng thị trường, cổ phiếu QCG của Quốc Cường Gia Lai tăng hết biên độ phiên thứ 2 liên tiếp giữa lúc chỉ số chính VN-Index tiếp đà sụt giảm, “bốc hơi” thêm hơn 20 điểm trong phiên 11/12.",https://cafef.vn/nguoc-dong-co-phieu-qcg-tim-lim-phien-thu-2-giua-luc-vn-index-lao-doc-manh-188251211165359412.chn,POSITIVE,QCG ngược dòng tăng kịch trần 2 phiên liên tiếp — giá cổ phiếu tăng mạnh,True
9b3504e32c65,2026-04-26,VIB,True,Từ cực quang đến tác phẩm nghệ thuật thủy ấn: Biểu tượng đặc quyền của khách hàng VIB Privilege Banking,"Trong thế giới tinh hoa, có những biểu tượng không dành cho số đông, mà được tạo ra để phản chiếu một chuẩn mực sống. Khăn lụa tơ tằm thủy ấn đính đá Swarovski – nơi mỗi họa tiết là một phiên bản duy nhất – được VIB Privilege Banking lựa chọn như một cách kể câu chuyện về các khách hàng ưu tiên.","[VIB] Từ cực quang đến tác phẩm nghệ thuật thủy ấn: Biểu tượng đặc quyền của khách hàng VIB Privilege Banking. Trong thế giới tinh hoa, có những biểu tượng không dành cho số đông, mà được tạo ra để phản chiếu một chuẩn mực sống. Khăn lụa tơ tằm thủy ấn đính đá Swarovski – nơi mỗi họa tiết là một phiên bản duy nhất – được VIB Privilege Banking lựa chọn như một cách kể câu chuyện về các khách hàng ưu tiên.",https://cafef.vn/tu-cuc-quang-den-tac-pham-nghe-thuat-thuy-an-bieu-tuong-dac-quyen-cua-khach-hang-vib-privilege-banking-188260426190356051.chn,NEUTRAL,Bài PR dịch vụ khách hàng ưu tiên VIB Privilege Banking — marketing thuần,True
e609a15c4a21,2026-08-05,MSR,True,AI không tạo cơ hội cho mọi doanh nghiệp: Vì sao MSR thuộc nhóm hưởng lợi dài hạn?,"Không chỉ ghi nhận kết quả kinh doanh tăng trưởng mạnh trong nửa đầu năm 2026, Masan High-Tech Materials (UPCoM: MSR) còn đang hưởng lợi từ một sự thay đổi mang tính cấu trúc của thị trường vật liệu.","[MSR] AI không tạo cơ hội cho mọi doanh nghiệp: Vì sao MSR thuộc nhóm hưởng lợi dài hạn?. Không chỉ ghi nhận kết quả kinh doanh tăng trưởng mạnh trong nửa đầu năm 2026, Masan High-Tech Materials (UPCoM: MSR) còn đang hưởng lợi từ một sự thay đổi mang tính cấu trúc của thị trường vật liệu.",https://cafef.vn/ai-khong-tao-co-hoi-cho-moi-doanh-nghiep-vi-sao-msr-thuoc-nhom-huong-loi-dai-han-188260805124714337.chn,POSITIVE,,False
16771a2102e7,2026-04-16,FPT,True,Thành viên SCIC muốn tăng sở hữu tại FPT,"SIC- thành viên của SCIC, vừa đăng ký mua vào 750.000 cổ phiếu FPT trong khoảng thời gian từ 16/4/2-26-15/5/2026.","[FPT] Thành viên SCIC muốn tăng sở hữu tại FPT. SIC- thành viên của SCIC, vừa đăng ký mua vào 750.000 cổ phiếu FPT trong khoảng thời gian từ 16/4/2-26-15/5/2026.",https://cafef.vn/thanh-vien-scic-muon-tang-so-huu-tai-fpt-188260416074027392.chn,,,False
65db724da558,2025-12-25,TIG,True,Cổ đông lớn của TIG 'xả hàng' 4 triệu cổ phiếu,"Ông Nguyễn Văn Nghĩa- cổ đông lớn của TIG vừa bán ra 4 triệu cổ phiếu trong phiên giao dịch ngày 17/12/2025, qua đó giảm tỷ lệ sở hữu xuống còn 6,4399% vốn.","[TIG] Cổ đông lớn của TIG 'xả hàng' 4 triệu cổ phiếu. Ông Nguyễn Văn Nghĩa- cổ đông lớn của TIG vừa bán ra 4 triệu cổ phiếu trong phiên giao dịch ngày 17/12/2025, qua đó giảm tỷ lệ sở hữu xuống còn 6,4399% vốn.",https://cafef.vn/co-dong-lon-cua-tig-xa-hang-4-trieu-co-phieu-188251225135023324.chn,NEGATIVE,,False
ea2ca1970c26,2026-04-19,VGT,True,"""Không tăng năng suất, chỉ có chết"": Trước sự thật khắc nghiệt, đại gia dệt may Việt Nam tự chế tạo robot với giá bằng một nửa Trung Quốc","Khi một mã hàng phải giảm giá từ 3 USD xuống còn 1,9 USD, doanh nghiệp dệt may Việt Nam không còn cách nào khác ngoài tăng năng suất để lấy số lượng bù đắp giá thành.","[VGT] ""Không tăng năng suất, chỉ có chết"": Trước sự thật khắc nghiệt, đại gia dệt may Việt Nam tự chế tạo robot với giá bằng một nửa Trung Quốc. Khi một mã hàng phải giảm giá từ 3 USD xuống còn 1,9 USD, doanh nghiệp dệt may Việt Nam không còn cách nào khác ngoài tăng năng suất để lấy số lượng bù đắp giá thành.",https://cafef.vn/khong-tang-nang-suat-chi-co-chet-truoc-su-that-khac-nghiet-dai-gia-det-may-viet-nam-tu-che-tao-robot-voi-gia-bang-mot-nua-trung-quoc-188260419232640778.chn,,,False
bae1022dd26e,2026-04-19,MWG,True,"Không phải để 'lấn sân', lãnh đạo Thế Giới Di Động nói rõ lý do thêm ngành bất động sản","Tổng Giám đống Công ty Cổ phần Thế Giới Di Động cho biết việc bổ sung ngành bất động sản nhằm phục vụ cho thuê mặt bằng, kho bãi và tuân thủ quy định.","[MWG] Không phải để 'lấn sân', lãnh đạo Thế Giới Di Động nói rõ lý do thêm ngành bất động sản. Tổng Giám đống Công ty Cổ phần Thế Giới Di Động cho biết việc bổ sung ngành bất động sản nhằm phục vụ cho thuê mặt bằng, kho bãi và tuân thủ quy định.",https://cafef.vn/khong-phai-de-lan-san-lanh-dao-the-gioi-di-dong-noi-ro-ly-do-them-nganh-bat-dong-san-188260419165826885.chn,NEUTRAL,,False
7bb887dcca0c,2025-03-18,CTG,True,VietinBank mang đến giải pháp tài chính an tâm cho khách hàng thuộc Nghị định 178/2024/NĐ-CP,"Với mong muốn đồng hành cùng các cán bộ, công chức viên chức theo Nghị định 178/2024/NĐ-CP, VietinBank chính thức ra mắt Gói ưu đãi ""Điểm tựa tài chính – Kiến tạo tương lai"" - giải pháp tài chính toàn diện giúp khách hàng có nhiều sự lựa chọn, ổn định tài chính và hướng tới tương lai bền vững.","[CTG] VietinBank mang đến giải pháp tài chính an tâm cho khách hàng thuộc Nghị định 178/2024/NĐ-CP. Với mong muốn đồng hành cùng các cán bộ, công chức viên chức theo Nghị định 178/2024/NĐ-CP, VietinBank chính thức ra mắt Gói ưu đãi ""Điểm tựa tài chính – Kiến tạo tương lai"" - giải pháp tài chính toàn diện giúp khách hàng có nhiều sự lựa chọn, ổn định tài chính và hướng tới tương lai bền vững.",https://cafef.vn/vietinbank-mang-den-giai-phap-tai-chinh-an-tam-cho-khach-hang-thuoc-nghi-dinh-178-2024-nd-cp-188250318164417544.chn,,,False
89609f8b8e54,2025-02-11,ACB,True,"ACB giảm hơn 370 nhân sự trong năm 2024, thu nhập bình quân nhân viên đạt 454 triệu đồng","Tính đến cuối năm 2024, ngân hàng này có 12.847 nhân sự, giảm 377 người so với cùng thời điểm năm 2023. Bình quân mỗi nhân viên ngân hàng có thu nhập 454 triệu đồng trong năm 2024.","[ACB] ACB giảm hơn 370 nhân sự trong năm 2024, thu nhập bình quân nhân viên đạt 454 triệu đồng. Tính đến cuối năm 2024, ngân hàng này có 12.847 nhân sự, giảm 377 người so với cùng thời điểm năm 2023. Bình quân mỗi nhân viên ngân hàng có thu nhập 454 triệu đồng trong năm 2024.",https://cafef.vn/acb-giam-hon-370-nhan-su-trong-nam-2024-thu-nhap-binh-quan-nhan-vien-dat-454-trieu-dong-188250211193307654.chn,NEUTRAL,,False
5c2508c7ce60,2026-07-14,PNJ,True,Hiện tượng lần đầu xuất hiện tại PNJ sau hơn 4 tháng,"Đây là lần đầu tiên cổ phiếu PNJ tăng kịch trần sau hơn 4 tháng, kể từ phiên 10/3/2026.","[PNJ] Hiện tượng lần đầu xuất hiện tại PNJ sau hơn 4 tháng. Đây là lần đầu tiên cổ phiếu PNJ tăng kịch trần sau hơn 4 tháng, kể từ phiên 10/3/2026.",https://cafef.vn/hien-tuong-lan-dau-xuat-hien-tai-pnj-sau-hon-4-thang-188260714150510498.chn,POSITIVE,"Cổ phiếu PNJ tăng kịch trần lần đầu sau 4 tháng — tin giá cổ phiếu hồi phục, tâm lý tích cực",True
fc2a395fdba6,2025-05-09,EIB,True,Eximbank bổ nhiệm thêm 2 Phó Tổng giám đốc,"Đó là ông Phạm Quang Dũng và ông Trần Anh Thắng, nguyên là thành viên HĐQT và thành viên HĐQT độc lập của Eximbank nhiệm kỳ VII (2020-2025).","[EIB] Eximbank bổ nhiệm thêm 2 Phó Tổng giám đốc. Đó là ông Phạm Quang Dũng và ông Trần Anh Thắng, nguyên là thành viên HĐQT và thành viên HĐQT độc lập của Eximbank nhiệm kỳ VII (2020-2025).",https://cafef.vn/eximbank-bo-nhiem-them-2-pho-tong-giam-doc-188250509094818385.chn,,,False
7e0d192eb619,2026-03-26,HNG,True,"Khởi tố, bắt tạm giam Vương Lê Vĩnh Nhân (Eric Vương) cùng 6 đồng phạm","Cơ quan ANĐT Bộ Công an đã điều tra và xác định từ năm 2018, Vương Lê Vĩnh Nhân, Trần Quang Chiến, Ngô Thị Thảo cùng một số đối tượng liên quan đã tạo lập các đồng tiền mã hóa VNDC, ONUS, HNG và phát hành, bán cho nhà đầu tư qua sàn giao dịch ONUS.","[HNG] Khởi tố, bắt tạm giam Vương Lê Vĩnh Nhân (Eric Vương) cùng 6 đồng phạm. Cơ quan ANĐT Bộ Công an đã điều tra và xác định từ năm 2018, Vương Lê Vĩnh Nhân, Trần Quang Chiến, Ngô Thị Thảo cùng một số đối tượng liên quan đã tạo lập các đồng tiền mã hóa VNDC, ONUS, HNG và phát hành, bán cho nhà đầu tư qua sàn giao dịch ONUS.",https://cafef.vn/khoi-to-bat-tam-giam-vuong-le-vinh-nhan-eric-vuong-cung-6-dong-pham-188260326192609952.chn,NEGATIVE,,False
2b00f1753cbe,2025-04-28,VIB,True,"Siêu Lợi Suất VIB: Đánh thức dòng tiền bởi lợi suất cao, tính linh hoạt và khơi dậy thói quen tài chính hiện đại","Chính thức ra mắt vào ngày 17.02.2025 với thông điệp ""Đánh thức dòng tiền nhàn rỗi"", tài khoản Siêu Lợi Suất của Ngân hàng Quốc Tế (VIB) nhanh chóng trở thành điểm sáng trên thị trường nhờ khả năng dung hòa linh hoạt giữa quản lý tài chính hiệu quả và tối ưu hóa lợi ích cho dòng tiền nhàn rỗi.","[VIB] Siêu Lợi Suất VIB: Đánh thức dòng tiền bởi lợi suất cao, tính linh hoạt và khơi dậy thói quen tài chính hiện đại. Chính thức ra mắt vào ngày 17.02.2025 với thông điệp ""Đánh thức dòng tiền nhàn rỗi"", tài khoản Siêu Lợi Suất của Ngân hàng Quốc Tế (VIB) nhanh chóng trở thành điểm sáng trên thị trường nhờ khả năng dung hòa linh hoạt giữa quản lý tài chính hiệu quả và tối ưu hóa lợi ích cho dòng tiền nhàn rỗi.",https://cafef.vn/sieu-loi-suat-vib-danh-thuc-dong-tien-boi-loi-suat-cao-tinh-linh-hoat-va-khoi-day-thoi-quen-tai-chinh-hien-dai-188250428091151923.chn,NEUTRAL,"VIB ra mắt tài khoản Siêu Lợi Suất — sản phẩm tiết kiệm mới, PR sản phẩm",True
2d98ce23a30d,2025-08-20,CII,True,"CII hoàn tất chào bán 20 triệu trái phiếu chuyển đổi, thu về 2.000 tỷ đồng","Kết thúc đợt chào bán ngày 18/8/2025, CII đã phân phối thành công 20 triệu trái phiếu chuyển đổi cho 155 nhà đầu tư cá nhân và nhà đầu tư tổ chức, thu về 2.000 tỷ đồng.","[CII] CII hoàn tất chào bán 20 triệu trái phiếu chuyển đổi, thu về 2.000 tỷ đồng. Kết thúc đợt chào bán ngày 18/8/2025, CII đã phân phối thành công 20 triệu trái phiếu chuyển đổi cho 155 nhà đầu tư cá nhân và nhà đầu tư tổ chức, thu về 2.000 tỷ đồng.",https://cafef.vn/cii-hoan-tat-chao-ban-20-trieu-trai-phieu-chuyen-doi-thu-ve-2000-ty-dong-188250820112930235.chn,,,False
5acb56bc6400,2026-03-30,VCI,True,"Chủ tịch Vietcap Nguyễn Thanh Phượng chốt kế hoạch lợi nhuận kỷ lục 2.300 tỷ, 'tiến quân' sang Singapore","Chiều 30/3, CTCP Chứng khoán Vietcap (VCI) đã tổ chức thành công Đại hội đồng cổ đông thường niên năm 2026 nhằm thông qua các mục tiêu kinh doanh và kiện toàn bộ máy nhân sự nhiệm kỳ mới.","[VCI] Chủ tịch Vietcap Nguyễn Thanh Phượng chốt kế hoạch lợi nhuận kỷ lục 2.300 tỷ, 'tiến quân' sang Singapore. Chiều 30/3, CTCP Chứng khoán Vietcap (VCI) đã tổ chức thành công Đại hội đồng cổ đông thường niên năm 2026 nhằm thông qua các mục tiêu kinh doanh và kiện toàn bộ máy nhân sự nhiệm kỳ mới.",https://cafef.vn/chu-tich-vietcap-nguyen-thanh-phuong-chot-ke-hoach-loi-nhuan-ky-luc-2300-ty-tien-quan-sang-singapore-188260330214531185.chn,POSITIVE,VCI kế hoạch lãi kỷ lục 2.300 tỷ và mở rộng sang Singapore — tham vọng tăng trưởng rõ ràng,True
22ce15d03481,2025-08-25,VTR,True,Nữ cổ đông bí ẩn mạnh tay chi tiền gom cổ phiếu Vietravel,"Bà Thủy Tiên vừa chi 144 tỷ đồng để sở hữu thêm 6 triệu cổ phiếu VTR trong đợt chào bán cổ phiếu cho cổ đông hiện hữu. Hồi giữa tháng 3, bà Tiên từng chi 168 tỷ đồng để thế chỗ của Tập đoàn Hưng Thịnh nắm 20,94% vốn điều lệ Vietravel.","[VTR] Nữ cổ đông bí ẩn mạnh tay chi tiền gom cổ phiếu Vietravel. Bà Thủy Tiên vừa chi 144 tỷ đồng để sở hữu thêm 6 triệu cổ phiếu VTR trong đợt chào bán cổ phiếu cho cổ đông hiện hữu. Hồi giữa tháng 3, bà Tiên từng chi 168 tỷ đồng để thế chỗ của Tập đoàn Hưng Thịnh nắm 20,94% vốn điều lệ Vietravel.",https://cafef.vn/nu-co-dong-bi-an-manh-tay-chi-tien-gom-co-phieu-vietravel-188250825084356481.chn,POSITIVE,,False
caf612efe004,2026-05-11,HSG,True,Nóng: Tập đoàn Hoa Sen lên tiếng về vụ điều tra chống bán phá giá tôn thép mạ tại Úc với biên độ lên tới 56%,"Tập đoàn Hoa Sen cho biết đây chỉ là mức cáo buộc ban đầu do bên yêu cầu điều tra đưa ra trong đơn kiện, không phải kết luận sơ bộ hay kết luận cuối cùng của cơ quan điều tra Australia.","[HSG] Nóng: Tập đoàn Hoa Sen lên tiếng về vụ điều tra chống bán phá giá tôn thép mạ tại Úc với biên độ lên tới 56%. Tập đoàn Hoa Sen cho biết đây chỉ là mức cáo buộc ban đầu do bên yêu cầu điều tra đưa ra trong đơn kiện, không phải kết luận sơ bộ hay kết luận cuối cùng của cơ quan điều tra Australia.",https://cafef.vn/nong-tap-doan-hoa-sen-len-tieng-ve-vu-dieu-tra-chong-ban-pha-gia-ton-thep-ma-tai-uc-voi-bien-do-len-toi-56-188260511124035209.chn,NEGATIVE,"Bị điều tra chống bán phá giá tại Úc biên độ 56% — dù chỉ là cáo buộc ban đầu, rủi ro xuất khẩu lớn",True
e8323a27cd74,2025-11-06,MSB,True,MSB và hành trình làm chủ dữ liệu: thấu hiểu là cốt lõi của chuyển đổi số,"Trong kỷ nguyên số, tốc độ và sự thấu hiểu là một trong những yếu tố then chốt. Khả năng khai thác và phân tích dữ liệu hiệu quả giúp ngân hàng thấu hiểu hành vi khách hàng theo thời gian thực, từ đó đưa ra quyết định nhanh chóng và cá nhân hóa trải nghiệm một cách tối ưu.","[MSB] MSB và hành trình làm chủ dữ liệu: thấu hiểu là cốt lõi của chuyển đổi số. Trong kỷ nguyên số, tốc độ và sự thấu hiểu là một trong những yếu tố then chốt. Khả năng khai thác và phân tích dữ liệu hiệu quả giúp ngân hàng thấu hiểu hành vi khách hàng theo thời gian thực, từ đó đưa ra quyết định nhanh chóng và cá nhân hóa trải nghiệm một cách tối ưu.",https://cafef.vn/msb-va-hanh-trinh-lam-chu-du-lieu-thau-hieu-la-cot-loi-cua-chuyen-doi-so-188251106073624054.chn,,,False
4d59509bfd75,2025-09-29,VIC,True,Tỷ phú Phạm Nhật Vượng vừa làm điều chưa từng có trong lịch sử,Ước tính khối tài sản của Chủ tịch Vingroup trên sàn chứng khoán Việt Nam hiện vào khoảng 302.000 tỷ đồng.,[VIC] Tỷ phú Phạm Nhật Vượng vừa làm điều chưa từng có trong lịch sử. Ước tính khối tài sản của Chủ tịch Vingroup trên sàn chứng khoán Việt Nam hiện vào khoảng 302.000 tỷ đồng.,https://cafef.vn/ty-phu-pham-nhat-vuong-vua-lam-dieu-chua-tung-co-trong-lich-su-188250929105359245.chn,POSITIVE,nan,False
358b1d2903ed,2026-08-06,HAT,True,"Một doanh nghiệp sắp trả cổ tức 3.000 đồng/cp, duy trì “mưa tiền mặt” suốt 15 năm qua",Đây là năm thứ ba liên tiếp HAT duy trì mức cổ tức tiền mặt 30%.,"[HAT] Một doanh nghiệp sắp trả cổ tức 3.000 đồng/cp, duy trì “mưa tiền mặt” suốt 15 năm qua. Đây là năm thứ ba liên tiếp HAT duy trì mức cổ tức tiền mặt 30%.",https://cafef.vn/mot-doanh-nghiep-sap-tra-co-tuc-3000-dong-cp-duy-tri-mua-tien-mat-suot-15-nam-qua-188260806210848211.chn,,,False
