id,date,primary_ticker,title,sapo,text,url,label,note
c49519d587a7,2026-01-30,NVB,"NCB bứt tốc năm 2025: Tăng vốn sớm, hoàn thành vượt mọi kế hoạch kinh doanh","Kết thúc năm 2025, Ngân hàng TMCP Quốc Dân (NCB) ghi nhận kết quả kinh doanh vượt mọi kế hoạch và hoàn thành sớm nhiều mục tiêu quan trọng tại phương án cơ cấu lại (PACCL), khẳng định chiến lược đúng đắn và tạo nền tảng vững chắc cho giai đoạn bứt phá.","NCB bứt tốc năm 2025: Tăng vốn sớm, hoàn thành vượt mọi kế hoạch kinh doanh Kết thúc năm 2025, Ngân hàng TMCP Quốc Dân (NCB) ghi nhận kết quả kinh doanh vượt mọi kế hoạch và hoàn thành sớm nhiều mục tiêu quan trọng tại phương án cơ cấu lại (PACCL), khẳng định chiến lược đúng đắn và tạo nền tảng vững chắc cho giai đoạn bứt phá.",https://cafef.vn/ncb-but-toc-nam-2025-tang-von-som-hoan-thanh-vuot-moi-ke-hoach-kinh-doanh-188260130133946232.chn,POSITIVE,"KQKD vượt kế hoạch, hoàn thành sớm mục tiêu tái cơ cấu — tín hiệu tích cực rõ"
64383bcb16d9,2025-09-08,HBC,Xây dựng Hòa Bình (HBC) trở thành Tổng thầu thi công dự án 5 tỷ USD,"Dự án có quy mô trên 1.000 ha, được phân kỳ thành nhiều giai đoạn, ở giai đoạn 1, tổng giá trị đầu tư dự án là 132 nghìn tỷ đồng (5 tỷ USD).","Xây dựng Hòa Bình (HBC) trở thành Tổng thầu thi công dự án 5 tỷ USD Dự án có quy mô trên 1.000 ha, được phân kỳ thành nhiều giai đoạn, ở giai đoạn 1, tổng giá trị đầu tư dự án là 132 nghìn tỷ đồng (5 tỷ USD).",https://cafef.vn/xay-dung-hoa-binh-hbc-tro-thanh-tong-thau-thi-cong-du-an-5-ty-usd-188250908083043989.chn,POSITIVE,"Trúng thầu dự án 5 tỷ USD — ký hợp đồng lớn, mở dư địa doanh thu"
31c6c63fa5c8,2025-10-15,TDF,"Nhà máy nhiệt điện LNG Thái Bình 2,7 tỷ USD vừa khởi công: Đưa một số đề xuất","Ngày 10/10, tại Hưng Yên, Công ty Cổ phần Điện khí LNG Thái Bình phối hợp cùng các bên liên quan chính thức tổ chức Lễ khởi công dự án Nhà máy nhiệt điện LNG Thái Bình.","Nhà máy nhiệt điện LNG Thái Bình 2,7 tỷ USD vừa khởi công: Đưa một số đề xuất Ngày 10/10, tại Hưng Yên, Công ty Cổ phần Điện khí LNG Thái Bình phối hợp cùng các bên liên quan chính thức tổ chức Lễ khởi công dự án Nhà máy nhiệt điện LNG Thái Bình.",https://cafef.vn/nha-may-nhiet-dien-lng-thai-binh-27-ty-usd-vua-khoi-cong-dua-mot-so-de-xuat-18825101523335806.chn,NEUTRAL,"Khởi công dự án liên quan TDF nhưng tin chủ yếu về thủ tục, chưa rõ tác động doanh thu TDF"
6aac44cb9d65,2026-05-01,VCB,"Cảnh báo mới từ Vietcombank: ""Đóng băng"" tài khoản ngân hàng trong trường hợp sau","Ngân hàng TMCP Ngoại thương Việt Nam (Vietcombank) đã có thông báo về việc thay đổi và cập nhật Điều khoản, điều kiện sử dụng dịch vụ ngân hàng điện tử cho khách hàng cá nhân và Hộ kinh doanh từ ngày 20/04/2026.","Cảnh báo mới từ Vietcombank: ""Đóng băng"" tài khoản ngân hàng trong trường hợp sau Ngân hàng TMCP Ngoại thương Việt Nam (Vietcombank) đã có thông báo về việc thay đổi và cập nhật Điều khoản, điều kiện sử dụng dịch vụ ngân hàng điện tử cho khách hàng cá nhân và Hộ kinh doanh từ ngày 20/04/2026.",https://cafef.vn/canh-bao-moi-tu-vietcombank-dong-bang-tai-khoan-ngan-hang-trong-truong-hop-sau-188260501080047295.chn,NEUTRAL,"Thông báo cập nhật điều khoản dịch vụ — hành chính thuần, không tác động tài chính"
b346cebae8c8,2026-06-22,GMD,"Huy động hơn 3.000 tỷ đồng từ đợt chào bán cổ phiếu năm 2024, vì sao Gemadept còn giữ gần 1.000 tỷ chưa giải ngân?","Theo kế hoạch, số vốn này sẽ được dùng để đầu tư hai tàu container có trọng tải 1.800 TEU cùng hai sà lan sức chở 248 TEU nhằm tăng cường năng lực vận tải.","Huy động hơn 3.000 tỷ đồng từ đợt chào bán cổ phiếu năm 2024, vì sao Gemadept còn giữ gần 1.000 tỷ chưa giải ngân? Theo kế hoạch, số vốn này sẽ được dùng để đầu tư hai tàu container có trọng tải 1.800 TEU cùng hai sà lan sức chở 248 TEU nhằm tăng cường năng lực vận tải.",https://cafef.vn/huy-dong-hon-3000-ty-dong-tu-dot-chao-ban-co-phieu-nam-2024-vi-sao-gemadept-con-giu-gan-1000-ty-chua-giai-ngan-18826062210123311.chn,NEUTRAL,"Huy động được vốn nhưng chưa giải ngân — tiến độ đầu tư không rõ, tác động lợi nhuận chưa xác định"
0eaddbaa97ca,2025-10-28,SGN,"Mất khách hàng Vietjet, Phục vụ Mặt đất Sài Gòn báo lãi quý 3/2025 giảm 44%","Lũy kế 9 tháng đầu năm 2025, Phục vụ Mặt đất Sài Gòn ghi nhận doanh thu thuần đạt 1.124 tỷ đồng, gần như đi ngang so với cùng kỳ, lãi ròng đạt gần 166 tỷ đồng, giảm 14% so với cùng kỳ.","Mất khách hàng Vietjet, Phục vụ Mặt đất Sài Gòn báo lãi quý 3/2025 giảm 44% Lũy kế 9 tháng đầu năm 2025, Phục vụ Mặt đất Sài Gòn ghi nhận doanh thu thuần đạt 1.124 tỷ đồng, gần như đi ngang so với cùng kỳ, lãi ròng đạt gần 166 tỷ đồng, giảm 14% so với cùng kỳ.",https://cafef.vn/mat-khach-hang-vietjet-phuc-vu-mat-dat-sai-gon-bao-lai-quy-3-2025-giam-44-188251028203831236.chn,NEGATIVE,"Mất khách hàng Vietjet, lãi Q3 giảm 44% YoY — KQKD sụt giảm rõ ràng"
60fc1d276339,2025-07-29,TCB,Techcombank miễn nhiệm Phó Tổng giám đốc Thường trực,Quyết định miễn nhiệm có hiệu lực từ ngày 1/8/2025.,Techcombank miễn nhiệm Phó Tổng giám đốc Thường trực Quyết định miễn nhiệm có hiệu lực từ ngày 1/8/2025.,https://cafef.vn/techcombank-mien-nhiem-pho-tong-giam-doc-thuong-truc-188250729175050594.chn,NEUTRAL,"Miễn nhiệm Phó TGĐ theo quy trình bình thường — thủ tục nhân sự, không rõ tác động"
8dd86e85231f,2026-03-16,HDG,Mẹ của CEO Tập đoàn Hà Đô muốn chi trăm tỷ mua cổ phiếu,"Bà Nguyễn Thị Thu Hà, mẹ ông Nguyễn Trọng Minh - Tổng giám đốc Công ty CP Tập đoàn Hà Đô - đăng ký mua 5 triệu cổ phiếu để tăng sở hữu. Nếu muốn giao dịch hoàn tất, cần chi khoảng 141 tỷ đồng để sẽ sở hữu 1,35% vốn HDG.","Mẹ của CEO Tập đoàn Hà Đô muốn chi trăm tỷ mua cổ phiếu Bà Nguyễn Thị Thu Hà, mẹ ông Nguyễn Trọng Minh - Tổng giám đốc Công ty CP Tập đoàn Hà Đô - đăng ký mua 5 triệu cổ phiếu để tăng sở hữu. Nếu muốn giao dịch hoàn tất, cần chi khoảng 141 tỷ đồng để sẽ sở hữu 1,35% vốn HDG.",https://cafef.vn/me-cua-ceo-tap-doan-ha-do-muon-chi-tram-ty-mua-co-phieu-188260316082338928.chn,POSITIVE,Thân nhân CEO mua 5 triệu cp HDG — tín hiệu insider mua vào
a2c9373916ef,2025-10-19,BMI,"Cập nhật số liệu CTCK ngày 19/10: Ồ ạt công bố kết quả kinh doanh quý 3, công ty của đại gia Tập đoàn Xuân Thiện lại thua lỗ","Thêm nhiều CTCK công bố kết quả kinh doanh quý 3 cũng như 9 tháng đầu năm 2025, trong đó có khoản lợi nhuận tăng trưởng mạnh so với cùng kỳ nhưng cũng có công ty thua lỗ.","Cập nhật số liệu CTCK ngày 19/10: Ồ ạt công bố kết quả kinh doanh quý 3, công ty của đại gia Tập đoàn Xuân Thiện lại thua lỗ Thêm nhiều CTCK công bố kết quả kinh doanh quý 3 cũng như 9 tháng đầu năm 2025, trong đó có khoản lợi nhuận tăng trưởng mạnh so với cùng kỳ nhưng cũng có công ty thua lỗ.",https://cafef.vn/cap-nhat-so-lieu-ctck-ngay-19-10-o-at-cong-bo-ket-qua-kinh-doanh-quy-3-cong-ty-cua-dai-gia-tap-doan-xuan-thien-lai-thua-lo-188251019002920154.chn,NEUTRAL,"Bài tổng hợp nhiều CTCK, primary_ticker BMI không phải nhân vật chính — tác động không rõ với BMI"
cb2425cc9e8b,2026-04-17,NVL,Ông Bùi Cao Nhật Quân giữ chức Chủ tịch HĐQT NovaGroup,"Ngày 16/4, NovaGroup chính thức bổ nhiệm ông Bùi Cao Nhật Quân giữ chức Chủ tịch Hội đồng quản trị thay ông Bùi Thành Nhơn, đánh dấu bước chuyển giao quan trọng trong lộ trình tái cấu trúc toàn diện của tập đoàn đa ngành này.","Ông Bùi Cao Nhật Quân giữ chức Chủ tịch HĐQT NovaGroup Ngày 16/4, NovaGroup chính thức bổ nhiệm ông Bùi Cao Nhật Quân giữ chức Chủ tịch Hội đồng quản trị thay ông Bùi Thành Nhơn, đánh dấu bước chuyển giao quan trọng trong lộ trình tái cấu trúc toàn diện của tập đoàn đa ngành này.",https://cafef.vn/ong-bui-cao-nhat-quan-giu-chuc-chu-tich-hdqt-novagroup-188260417070054701.chn,NEUTRAL,Thay đổi Chủ tịch HĐQT trong tái cơ cấu — không rõ tác động tích cực hay tiêu cực ngay
c5e0c89c635c,2026-07-19,DBC,Thêm nạn nhân tử vong trong vụ tai nạn tại trại nuôi lợn ở Thanh Hóa,"TPO - Sau thời gian điều trị, anh T.Đ.C và anh N.V.T không qua khỏi. Hai nạn nhân tử vong vào sáng 19/7, nâng số người tử vong trong vụ tai nạn xảy ra tại trang trại chăn nuôi lợn của Công ty TNHH Dabaco Thanh Hóa (xã Thạch Quảng, tỉnh Thanh Hóa) lên thành 5 người.","Thêm nạn nhân tử vong trong vụ tai nạn tại trại nuôi lợn ở Thanh Hóa TPO - Sau thời gian điều trị, anh T.Đ.C và anh N.V.T không qua khỏi. Hai nạn nhân tử vong vào sáng 19/7, nâng số người tử vong trong vụ tai nạn xảy ra tại trang trại chăn nuôi lợn của Công ty TNHH Dabaco Thanh Hóa (xã Thạch Quảng, tỉnh Thanh Hóa) lên thành 5 người.",https://cafef.vn/them-nan-nhan-tu-vong-trong-vu-tai-nan-tai-trai-nuoi-lon-o-thanh-hoa-188260719121358623.chn,NEGATIVE,"5 người tử vong tại trang trại DBC — tai nạn nghiêm trọng, rủi ro pháp lý và uy tín"
4e024ed14ae2,2025-12-24,HPP,Lịch sự kiện và tin vắn chứng khoán ngày 25/12/2025,Tổng hợp toàn bộ tin vắn nổi bật liên quan đến doanh nghiệp niêm yết trên sàn chứng khoán.,Lịch sự kiện và tin vắn chứng khoán ngày 25/12/2025 Tổng hợp toàn bộ tin vắn nổi bật liên quan đến doanh nghiệp niêm yết trên sàn chứng khoán.,https://cafef.vn/lich-su-kien-va-tin-van-chung-khoan-ngay-25-12-2025-188251224225741263.chn,NEUTRAL,Bản tin tổng hợp sự kiện không gắn với HPP cụ thể
b8419f17716c,2026-05-27,HKT,"Hậu tái cơ cấu, QP Holdings (HKT) lên kế hoạch lãi tăng 578%, tham vọng làm dự án bất động sản nghìn tỷ ở TP.HCM","Tại Đại hội đồng cổ đông thường niên năm 2026 tổ chức ở TP.HCM, Công ty Cổ phần Đầu tư QP Xanh (Mã CK: HKT) đã thông qua phương án đổi tên thành Công ty Cổ phần QP Holdings, mục tiêu lợi nhuận năm nay tăng trưởng 578% cùng danh mục dự án bất động sản quy mô lớn.","Hậu tái cơ cấu, QP Holdings (HKT) lên kế hoạch lãi tăng 578%, tham vọng làm dự án bất động sản nghìn tỷ ở TP.HCM Tại Đại hội đồng cổ đông thường niên năm 2026 tổ chức ở TP.HCM, Công ty Cổ phần Đầu tư QP Xanh (Mã CK: HKT) đã thông qua phương án đổi tên thành Công ty Cổ phần QP Holdings, mục tiêu lợi nhuận năm nay tăng trưởng 578% cùng danh mục dự án bất động sản quy mô lớn.",https://cafef.vn/hau-tai-co-cau-qp-holdings-hkt-len-ke-hoach-lai-tang-578-tham-vong-lam-du-an-bat-dong-san-nghin-ty-o-tphcm-188260527214153661.chn,POSITIVE,"Lên kế hoạch lãi tăng 578%, danh mục BĐS nghìn tỷ — kỳ vọng tăng trưởng mạnh, tuy nhiên chỉ là kế hoạch"
2b595e2f999f,2026-04-16,FPT,"FPT ảnh hưởng thế nào khi thay đổi cổ đông nắm 50,17% cổ phần FPT Telecom?","Khi Bộ Công an được Chính phủ giao nhiều nhiệm vụ trọng yếu, đặc biệt là các đề án liên quan đến hạ tầng quốc gia và chuyển đổi số, các doanh nghiệp có liên quan sẽ được hưởng lợi.","FPT ảnh hưởng thế nào khi thay đổi cổ đông nắm 50,17% cổ phần FPT Telecom? Khi Bộ Công an được Chính phủ giao nhiều nhiệm vụ trọng yếu, đặc biệt là các đề án liên quan đến hạ tầng quốc gia và chuyển đổi số, các doanh nghiệp có liên quan sẽ được hưởng lợi.",https://cafef.vn/fpt-anh-huong-the-nao-khi-bo-cong-an-nam-5017-co-phan-fpt-telecom-188260416230940729.chn,POSITIVE,Bộ Công an nhận nhiệm vụ hạ tầng & chuyển đổi số — FPT hưởng lợi gián tiếp nhưng sapo nói rõ
9dc8da98a45c,2025-04-29,KLB,Lợi nhuận của KienlongBank tăng 66% trong quý đầu năm 2025,"Trong bối cảnh kinh tế toàn cầu và trong nước tiếp tục đối mặt với nhiều thách thức, Ngân hàng TMCP Kiên Long (KienlongBank; UpCOM: KLB) đã ghi dấu ấn với kết quả kinh doanh nổi bật trong quý I/2025.","Lợi nhuận của KienlongBank tăng 66% trong quý đầu năm 2025 Trong bối cảnh kinh tế toàn cầu và trong nước tiếp tục đối mặt với nhiều thách thức, Ngân hàng TMCP Kiên Long (KienlongBank; UpCOM: KLB) đã ghi dấu ấn với kết quả kinh doanh nổi bật trong quý I/2025.",https://cafef.vn/loi-nhuan-cua-kienlongbank-tang-66-trong-quy-dau-nam-2025-188250429104918566.chn,POSITIVE,Lợi nhuận Q1 tăng 66% YoY — KQKD rõ ràng tích cực
f4a3ea3394b4,2026-03-18,DGC,"Hóa chất Đức Giang gặp biến cố, ai sẽ hưởng lợi?","Theo một báo cáo của ACBS năm 2023, trong số các công ty có khả năng sản xuất phốt pho vàng, CTCP Hóa chất Đức Giang là doanh nghiệp dẫn đầu ngành về công suất sản xuất với công suất thiết kế các nhà máy năm 2023 đạt 69.800 tấn/năm.","Hóa chất Đức Giang gặp biến cố, ai sẽ hưởng lợi? Theo một báo cáo của ACBS năm 2023, trong số các công ty có khả năng sản xuất phốt pho vàng, CTCP Hóa chất Đức Giang là doanh nghiệp dẫn đầu ngành về công suất sản xuất với công suất thiết kế các nhà máy năm 2023 đạt 69.800 tấn/năm.",https://cafef.vn/hoa-chat-duc-giang-gap-bien-co-ai-se-huong-loi-188260318012216349.chn,NEGATIVE,DGC gặp biến cố (khởi tố lãnh đạo) — tiêu đề hỏi ai hưởng lợi ngụ ý DGC bị hại
60038c7e30c7,2026-01-19,ABB,ABBank kích hoạt 3 động lực tăng trưởng mới,"Việc cùng lúc hoàn thành mục tiêu lợi nhuận, tăng vốn điều lệ và xúc tiến kế hoạch chuyển sàn đang biến ABBank trở thành tâm điểm chú ý của giới đầu tư.","ABBank kích hoạt 3 động lực tăng trưởng mới Việc cùng lúc hoàn thành mục tiêu lợi nhuận, tăng vốn điều lệ và xúc tiến kế hoạch chuyển sàn đang biến ABBank trở thành tâm điểm chú ý của giới đầu tư.",https://cafef.vn/abbank-kich-hoat-3-dong-luc-tang-truong-moi-188260119135627992.chn,POSITIVE,Hoàn thành lợi nhuận + tăng vốn + kế hoạch chuyển sàn — 3 tín hiệu tích cực đồng thời
bf480dcdb16b,2026-04-24,MCH,ĐHĐCĐ Masan 2026: CEO Danny Le cho rằng cổ phiếu MSN đang bị định giá thấp hơn 60% giá trị thực,"Sáng 24/4/2026, Tập đoàn Masan (HOSE: MSN) cùng các công ty thành viên Masan Consumer (MCH) và Masan MeatLife (MML) đã tổ chức Đại hội đồng Cổ đông thường niên 2026 với chủ đề ""Đại Kết Nối - The Great Connectivity"".","ĐHĐCĐ Masan 2026: CEO Danny Le cho rằng cổ phiếu MSN đang bị định giá thấp hơn 60% giá trị thực Sáng 24/4/2026, Tập đoàn Masan (HOSE: MSN) cùng các công ty thành viên Masan Consumer (MCH) và Masan MeatLife (MML) đã tổ chức Đại hội đồng Cổ đông thường niên 2026 với chủ đề ""Đại Kết Nối - The Great Connectivity"".",https://cafef.vn/dhdcd-masan-2026-but-pha-voi-muc-tieu-doanh-thu-gan-100000-ty-dong-wincommerce-buoc-vao-chu-ky-hai-qua-188260424100012902.chn,POSITIVE,CEO khẳng định MSN bị định giá thấp 60% so với giá trị thực tại ĐHCĐ
041b0c460378,2025-11-03,ACG,An Cường tiếp tục đón nhận thành quả từ khoản đầu tư chiến lược vào Thắng Lợi,"Sáng ngày 31/10/2025 tại xã Đức Hòa, tỉnh Tây Ninh (Long An cũ), Liên danh Thắng Lợi Homes - CTCP Gỗ An Cường - CTCP Xây dựng Central tổ chức Lễ khởi công dự án Khu đô thị Bình An Đức Hòa – The Win City với sự tham dự của nhiều lãnh đạo đại diện các sở ban ngành địa phương và các đối tác, nhà thầu xây dựng.","An Cường tiếp tục đón nhận thành quả từ khoản đầu tư chiến lược vào Thắng Lợi Sáng ngày 31/10/2025 tại xã Đức Hòa, tỉnh Tây Ninh (Long An cũ), Liên danh Thắng Lợi Homes - CTCP Gỗ An Cường - CTCP Xây dựng Central tổ chức Lễ khởi công dự án Khu đô thị Bình An Đức Hòa – The Win City với sự tham dự của nhiều lãnh đạo đại diện các sở ban ngành địa phương và các đối tác, nhà thầu xây dựng.",https://cafef.vn/an-cuong-tiep-tuc-don-nhan-thanh-qua-tu-khoan-dau-tu-chien-luoc-vao-thang-loi-188251103185842018.chn,POSITIVE,"Nhận thành quả đầu tư chiến lược, khởi công dự án mới — kết quả đầu tư rõ ràng"
4c0e33479592,2025-07-23,IJC,Becamex IJC bị xử phạt do vi phạm công bố thông tin,"Do công bố thông tin không đúng thời hạn và công bố thông tin không đầy đủ nội dung theo quy định của pháp luật, Becamex IJC bị UBCKNN xử phạt hành chính 130 triệu đồng.","Becamex IJC bị xử phạt do vi phạm công bố thông tin Do công bố thông tin không đúng thời hạn và công bố thông tin không đầy đủ nội dung theo quy định của pháp luật, Becamex IJC bị UBCKNN xử phạt hành chính 130 triệu đồng.",https://cafef.vn/becamex-ijc-bi-xu-phat-do-vi-pham-cong-bo-thong-tin-188250723153031157.chn,NEGATIVE,Bị UBCKNN xử phạt 130 triệu vì vi phạm công bố thông tin
9eed32404dc2,2025-08-30,MSB,Vay thế chấp linh hoạt chỉ trong 4 giờ với M-Flex của MSB,"Doanh nghiệp có thể thực hiện vay thế chấp linh hoạt 100% online với hạn mức lên tới 15 tỷ đồng thông qua giải pháp M-Flex của MSB, thời gian phê duyệt chỉ trong vòng 4 giờ.","Vay thế chấp linh hoạt chỉ trong 4 giờ với M-Flex của MSB Doanh nghiệp có thể thực hiện vay thế chấp linh hoạt 100% online với hạn mức lên tới 15 tỷ đồng thông qua giải pháp M-Flex của MSB, thời gian phê duyệt chỉ trong vòng 4 giờ.",https://cafef.vn/vay-the-chap-linh-hoat-chi-trong-4-gio-voi-m-flex-cua-msb-188250830125338332.chn,NEUTRAL,"Ra mắt sản phẩm vay trực tuyến mới — PR sản phẩm, chưa rõ tác động doanh thu"
918829326adb,2025-08-27,VJC,Trải nghiệm nhận diện sinh trắc học lên máy bay với ứng dụng VNeID và Vietjet,"Hành khách hiện nay đã có thể dễ dàng thực hiện thủ tục hàng không, qua kiểm tra an ninh và cửa ra tàu bay bằng công nghệ định danh sinh trắc học (eKYC) qua ứng dụng VneID, Vietjet Air tại hầu hết các sân bay trên cả nước.","Trải nghiệm nhận diện sinh trắc học lên máy bay với ứng dụng VNeID và Vietjet Hành khách hiện nay đã có thể dễ dàng thực hiện thủ tục hàng không, qua kiểm tra an ninh và cửa ra tàu bay bằng công nghệ định danh sinh trắc học (eKYC) qua ứng dụng VneID, Vietjet Air tại hầu hết các sân bay trên cả nước.",https://cafef.vn/trai-nghiem-nhan-dien-sinh-trac-hoc-len-may-bay-voi-ung-dung-vneid-va-vietjet-188250827145617553.chn,NEUTRAL,"Thông báo tính năng eKYC tại sân bay — PR kỹ thuật, không tác động tài chính rõ"
3097a5ae3509,2025-09-29,YEG,Yeah1 sắp có thêm 2 công ty liên kết,"Yeah1 dự kiến nhận chuyển nhượng thêm cổ phần tại CTCP 1Game và CTCP 1Creators. Nếu hoàn tất giao dịch, hai doanh nghiệp này sẽ trở thành công ty liên kết của Yeah1.","Yeah1 sắp có thêm 2 công ty liên kết Yeah1 dự kiến nhận chuyển nhượng thêm cổ phần tại CTCP 1Game và CTCP 1Creators. Nếu hoàn tất giao dịch, hai doanh nghiệp này sẽ trở thành công ty liên kết của Yeah1.",https://cafef.vn/yeah1-sap-co-them-2-cong-ty-lien-ket-188250929223358017.chn,NEUTRAL,"Yeah1 nhận chuyển nhượng thêm cổ phần — mở rộng, nhưng quy mô nhỏ và chưa hoàn tất"
e2531deb509b,2025-09-09,VCG,"Đại gia đua nhau ""săn"" dự án sạch",Đa phần các nhà đầu tư ưu tiên chọn dự án đã đủ pháp lý hoặc chỉ còn bước cuối cùng để hoàn thiện,"Đại gia đua nhau ""săn"" dự án sạch Đa phần các nhà đầu tư ưu tiên chọn dự án đã đủ pháp lý hoặc chỉ còn bước cuối cùng để hoàn thiện",https://cafef.vn/dai-gia-dua-nhau-san-du-an-sach-188250909091232363.chn,NEUTRAL,"Bài thị trường BĐS chung, VCG không phải nhân vật chính"
83d3afaf75d2,2025-04-25,TCB,"Chiến lược ""chiêu mộ người Việt toàn cầu"" của Techcombank: Dẫn dắt làn sóng trở về, kiến tạo hệ sinh thái ""Make in Vietnam""","Từ ""Nơi làm việc tốt nhất Việt Nam"" đến Top 10 nơi làm việc hàng đầu đâu Á (Theo Great Place to Work®), Techcombank là ngân hàng đầu tiên tại Việt Nam triển khai chiến lược ""chiêu mộ người Việt toàn cầu"" thông qua chiến dịch Overseas Talent Roadshow – chuỗi sự kiện kết nối nhân tài Việt tại các quốc gia phát triển.","Chiến lược ""chiêu mộ người Việt toàn cầu"" của Techcombank: Dẫn dắt làn sóng trở về, kiến tạo hệ sinh thái ""Make in Vietnam"" Từ ""Nơi làm việc tốt nhất Việt Nam"" đến Top 10 nơi làm việc hàng đầu đâu Á (Theo Great Place to Work®), Techcombank là ngân hàng đầu tiên tại Việt Nam triển khai chiến lược ""chiêu mộ người Việt toàn cầu"" thông qua chiến dịch Overseas Talent Roadshow – chuỗi sự kiện kết nối nhân tài Việt tại các quốc gia phát triển.",https://cafef.vn/chien-luoc-chieu-mo-nguoi-viet-toan-cau-cua-techcombank-dan-dat-lan-song-tro-ve-kien-tao-he-sinh-thai-make-in-vietnam-188250425151250928.chn,NEUTRAL,PR chiến lược nhân sự và thương hiệu nhà tuyển dụng — không tác động doanh thu
7863ed04248f,2025-09-15,HVA,"Cổ phiếu doanh nghiệp vừa thông qua kế hoạch làm sàn giao dịch tài sản số tăng ""phi mã"" 300% từ đầu năm","ĐHĐCĐ bất thường 2025 của HVA tổ chức sáng 13/9 đã thông qua toàn bộ tờ trình, nổi bật là kế hoạch triển khai Sàn giao dịch tài sản số DNEX với quy mô vốn hợp tác 10.000 tỷ.","Cổ phiếu doanh nghiệp vừa thông qua kế hoạch làm sàn giao dịch tài sản số tăng ""phi mã"" 300% từ đầu năm ĐHĐCĐ bất thường 2025 của HVA tổ chức sáng 13/9 đã thông qua toàn bộ tờ trình, nổi bật là kế hoạch triển khai Sàn giao dịch tài sản số DNEX với quy mô vốn hợp tác 10.000 tỷ.",https://cafef.vn/co-phieu-doanh-nghiep-vua-thong-qua-ke-hoach-lam-san-giao-dich-tai-san-so-tang-phi-ma-300-tu-dau-nam-188250915215403869.chn,POSITIVE,"Cổ phiếu tăng 300%, ĐHCĐ thông qua kế hoạch sàn tài sản số 10.000 tỷ — kỳ vọng tăng trưởng mới rõ ràng"
2aab4725896c,2026-04-16,MSR,"Chủ tịch MSR Danny Le: Nếu giá APT đạt mức 2.000 USD, công ty có thể trả sạch nợ ngay trong năm 2027, sinh lời và chia cổ tức","Quý I, MSR ghi nhận kết quả kinh doanh sơ bộ với doanh thu thuần ước đạt khoảng 2.993 tỷ đồng. Lợi nhuận sau thuế ước đạt 537 tỷ đồng.","Chủ tịch MSR Danny Le: Nếu giá APT đạt mức 2.000 USD, công ty có thể trả sạch nợ ngay trong năm 2027, sinh lời và chia cổ tức Quý I, MSR ghi nhận kết quả kinh doanh sơ bộ với doanh thu thuần ước đạt khoảng 2.993 tỷ đồng. Lợi nhuận sau thuế ước đạt 537 tỷ đồng.",https://cafef.vn/chu-tich-msr-danny-le-neu-gia-apt-dat-muc-2000-usd-cong-ty-co-the-tra-sach-no-ngay-trong-nam-2027-sinh-loi-va-chia-co-tuc-188260416091419279.chn,POSITIVE,Nếu APT đạt 2.000 USD có thể trả hết nợ năm 2027 và chia cổ tức — kịch bản tích cực rõ ràng từ lãnh đạo
25c7697a2722,2026-04-15,MDG,Đầu tư chứng khoán thất bại rồi làm liều với người bán vé số khuyết tật,"Thịnh đầu tư chứng khoán với mong muốn làm giàu nhanh chóng nhưng không thành công, dẫn đến vỡ nợ rồi đi cướp giật vé số.","Đầu tư chứng khoán thất bại rồi làm liều với người bán vé số khuyết tật Thịnh đầu tư chứng khoán với mong muốn làm giàu nhanh chóng nhưng không thành công, dẫn đến vỡ nợ rồi đi cướp giật vé số.",https://cafef.vn/dau-tu-chung-khoan-that-bai-roi-lam-lieu-voi-nguoi-ban-ve-so-khuyet-tat-188260415225029917.chn,NEUTRAL,"Tin xã hội về lừa đảo chứng khoán, MDG chỉ là số tài khoản ngân hàng bị đề cập, không liên quan doanh nghiệp niêm yết"
ebc008ae2901,2026-07-07,BXH,DNSE vào Top 8 thị phần môi giới cổ phiếu niêm yết HNX Quý II/2026,"Chứng khoán DNSE ghi dấu ấn trên bảng xếp hạng (BXH) thị phần môi giới Quý II/2026 do HNX công bố khi hiện diện ở vị trí thứ 8 trong Top 10 thị phần môi giới cổ phiếu niêm yết; đồng thời duy trì vị trí thứ 2 trên thị trường chứng khoán phái sinh với xấp xỉ 25,5% thị phần.","DNSE vào Top 8 thị phần môi giới cổ phiếu niêm yết HNX Quý II/2026 Chứng khoán DNSE ghi dấu ấn trên bảng xếp hạng (BXH) thị phần môi giới Quý II/2026 do HNX công bố khi hiện diện ở vị trí thứ 8 trong Top 10 thị phần môi giới cổ phiếu niêm yết; đồng thời duy trì vị trí thứ 2 trên thị trường chứng khoán phái sinh với xấp xỉ 25,5% thị phần.",https://cafef.vn/dnse-vao-top-8-thi-phan-moi-gioi-co-phieu-niem-yet-hnx-quy-ii-2026-188260707191532025.chn,NEUTRAL,"BXH thị phần môi giới — thành tích xếp hạng, không phải KQKD tài chính cụ thể"
caf612efe004,2026-05-11,HSG,Nóng: Tập đoàn Hoa Sen lên tiếng về vụ điều tra chống bán phá giá tôn thép mạ tại Úc với biên độ lên tới 56%,"Tập đoàn Hoa Sen cho biết đây chỉ là mức cáo buộc ban đầu do bên yêu cầu điều tra đưa ra trong đơn kiện, không phải kết luận sơ bộ hay kết luận cuối cùng của cơ quan điều tra Australia.","Nóng: Tập đoàn Hoa Sen lên tiếng về vụ điều tra chống bán phá giá tôn thép mạ tại Úc với biên độ lên tới 56% Tập đoàn Hoa Sen cho biết đây chỉ là mức cáo buộc ban đầu do bên yêu cầu điều tra đưa ra trong đơn kiện, không phải kết luận sơ bộ hay kết luận cuối cùng của cơ quan điều tra Australia.",https://cafef.vn/nong-tap-doan-hoa-sen-len-tieng-ve-vu-dieu-tra-chong-ban-pha-gia-ton-thep-ma-tai-uc-voi-bien-do-len-toi-56-188260511124035209.chn,NEGATIVE,"Bị điều tra chống bán phá giá tại Úc biên độ 56% — dù chỉ là cáo buộc ban đầu, rủi ro xuất khẩu lớn"
5b6095e3339f,2026-05-04,MSN,"Lãi quý I/2026 cao kỷ lục, Masan kỳ vọng lợi nhuận 6 tháng đầu năm đạt 4.600 tỷ đồng","Sau quý I/2026 đạt lợi nhuận cao kỷ lục và bước sang quý II với tăng trưởng đang đi đúng kế hoạch, Masan kỳ vọng kết quả kinh doanh nửa đầu năm 2026 sẽ ghi nhận kết quả tích cực, với doanh thu và lợi nhuận sau thuế ước đạt lần lượt 51.500 tỷ đồng và 4.600 tỷ đồng, tăng tương ứng 38% và 76% so với cùng kỳ.","Lãi quý I/2026 cao kỷ lục, Masan kỳ vọng lợi nhuận 6 tháng đầu năm đạt 4.600 tỷ đồng Sau quý I/2026 đạt lợi nhuận cao kỷ lục và bước sang quý II với tăng trưởng đang đi đúng kế hoạch, Masan kỳ vọng kết quả kinh doanh nửa đầu năm 2026 sẽ ghi nhận kết quả tích cực, với doanh thu và lợi nhuận sau thuế ước đạt lần lượt 51.500 tỷ đồng và 4.600 tỷ đồng, tăng tương ứng 38% và 76% so với cùng kỳ.",https://cafef.vn/lai-quy-i-2026-cao-ky-luc-masan-ky-vong-loi-nhuan-6-thang-dau-nam-dat-4600-ty-dong-188260504134422499.chn,POSITIVE,"Lãi Q1 cao kỷ lục, kỳ vọng H1 tăng 76% YoY — KQKD vượt trội rõ ràng"
7809b7ca6f33,2025-10-30,DHC,Lịch sự kiện và tin vắn chứng khoán ngày 30/10/2025,Tổng hợp toàn bộ tin vắn nổi bật liên quan đến doanh nghiệp niêm yết trên sàn chứng khoán.,Lịch sự kiện và tin vắn chứng khoán ngày 30/10/2025 Tổng hợp toàn bộ tin vắn nổi bật liên quan đến doanh nghiệp niêm yết trên sàn chứng khoán.,https://cafef.vn/lich-su-kien-va-tin-van-chung-khoan-ngay-30-10-2025-188251030013135159.chn,NEUTRAL,Bản tin tổng hợp sự kiện không gắn cụ thể với DHC
3c38e359a6d2,2025-09-28,DIG,"DIC Corp (DIG) báo lãi 9 tháng tăng gấp 5 lần, nhưng mới hoàn thành 29% kế hoạch, hé lộ thương vụ đem về 748 tỷ lợi nhuận gộp","Tại buổi Analyst Meeting diễn ra chiều ngày 26/09, ban lãnh đạo Tổng CTCP Đầu tư Phát triển Xây dựng (DIC Corp, HoSE: DIG) đã chia sẻ những kết quả kinh doanh ước tính 9 tháng đầu năm 2025 với sự tăng trưởng đột biến, đồng thời hé lộ những cơ sở để tự tin hoàn thành kế hoạch cả năm dù mới đi được hơn 1/4 chặng đường lợi nhuận.","DIC Corp (DIG) báo lãi 9 tháng tăng gấp 5 lần, nhưng mới hoàn thành 29% kế hoạch, hé lộ thương vụ đem về 748 tỷ lợi nhuận gộp Tại buổi Analyst Meeting diễn ra chiều ngày 26/09, ban lãnh đạo Tổng CTCP Đầu tư Phát triển Xây dựng (DIC Corp, HoSE: DIG) đã chia sẻ những kết quả kinh doanh ước tính 9 tháng đầu năm 2025 với sự tăng trưởng đột biến, đồng thời hé lộ những cơ sở để tự tin hoàn thành kế hoạch cả năm dù mới đi được hơn 1/4 chặng đường lợi nhuận.",https://cafef.vn/dic-corp-dig-bao-lai-9-thang-tang-gap-5-lan-nhung-moi-hoan-thanh-29-ke-hoach-he-lo-thuong-vu-dem-ve-748-ty-loi-nhuan-gop-188250928080938718.chn,POSITIVE,"Lãi 9 tháng tăng gấp 5 lần YoY, hé lộ thương vụ 748 tỷ lợi nhuận gộp — KQKD đột biến"
a4cb5a428e21,2025-11-08,SAB,"Lịch chốt quyền cổ tức 10/11– 14/11: Cổ tức tiền mặt cao nhất 30%, một ""ông lớn"" chuẩn bị chi gần 1.600 tỷ đồng trả cổ tức","Trong tuần có 14 doanh nghiệp trả cổ tức bằng tiền mặt, mức cao nhất là 30% và thấp nhất là 3,8%.","Lịch chốt quyền cổ tức 10/11– 14/11: Cổ tức tiền mặt cao nhất 30%, một ""ông lớn"" chuẩn bị chi gần 1.600 tỷ đồng trả cổ tức Trong tuần có 14 doanh nghiệp trả cổ tức bằng tiền mặt, mức cao nhất là 30% và thấp nhất là 3,8%.",https://cafef.vn/lich-chot-quyen-co-tuc-10-11-14-11-co-tuc-tien-mat-cao-nhat-30-mot-ong-lon-chuan-bi-chi-gan-1600-ty-dong-tra-co-tuc-188251108220443832.chn,NEUTRAL,"Bản tin nhiều DN chia cổ tức, SAB là 'ông lớn' trong số 14 DN — SAB chia cổ tức tiền mặt → POSITIVE cho SAB"
55ec83d47099,2026-01-13,VGG,"May Việt Tiến đạt doanh thu hơn 18.500 tỷ đồng, lợi nhuận tăng 14%, thưởng Tết 23 triệu đồng","Kỷ niệm 50 năm thành lập, May Việt Tiến (VGG) công bố tổng doanh thu toàn hệ thống đạt 18.500 tỷ đồng và đặt tham vọng cán mốc 1 tỷ USD vào năm 2030, hướng tới mô hình tập đoàn đa quốc gia.","May Việt Tiến đạt doanh thu hơn 18.500 tỷ đồng, lợi nhuận tăng 14%, thưởng Tết 23 triệu đồng Kỷ niệm 50 năm thành lập, May Việt Tiến (VGG) công bố tổng doanh thu toàn hệ thống đạt 18.500 tỷ đồng và đặt tham vọng cán mốc 1 tỷ USD vào năm 2030, hướng tới mô hình tập đoàn đa quốc gia.",https://cafef.vn/may-viet-tien-dat-doanh-thu-hon-18500-ty-dong-loi-nhuan-tang-14-thuong-tet-23-trieu-dong-188260113071007985.chn,POSITIVE,"Doanh thu 18.500 tỷ, lãi tăng 14% YoY, thưởng Tết 23 triệu — tăng trưởng tích cực"
a619d310ad07,2025-09-18,PLX,CTCK dự phóng lợi nhuận doanh nghiệp này có thể tăng 200% trong năm nay nhờ hưởng lợi lớn từ xây cao tốc,"Vietcap đánh giá hoạt động giải ngân và xây dựng cao tốc sẽ bùng nổ trong năm 2025–2026, mở ra dư địa tăng trưởng lớn cho doanh nghiệp này.","CTCK dự phóng lợi nhuận doanh nghiệp này có thể tăng 200% trong năm nay nhờ hưởng lợi lớn từ xây cao tốc Vietcap đánh giá hoạt động giải ngân và xây dựng cao tốc sẽ bùng nổ trong năm 2025–2026, mở ra dư địa tăng trưởng lớn cho doanh nghiệp này.",https://cafef.vn/ctck-du-phong-loi-nhuan-doanh-nghiep-nay-co-the-tang-200-trong-nam-nay-nho-huong-loi-lon-tu-xay-cao-toc-188250918233414261.chn,POSITIVE,CTCK dự phóng lợi nhuận PLX tăng 200% nhờ cao tốc — kỳ vọng tăng trưởng rất mạnh
e5997c03c122,2026-07-10,SSB,SACOMBANK bổ nhiệm ông Loic Faussier giữ chức Tổng Giám đốc,"Ngày 10/7, HĐQT Ngân hàng TMCP Sài Gòn Tài Lộc (SACOMBANK) chính thức công bố và trao quyết định bổ nhiệm ông Loic Faussier đảm nhiệm chức vụ Tổng Giám đốc sau khi được Ngân hàng Nhà nước chấp thuận.","SACOMBANK bổ nhiệm ông Loic Faussier giữ chức Tổng Giám đốc Ngày 10/7, HĐQT Ngân hàng TMCP Sài Gòn Tài Lộc (SACOMBANK) chính thức công bố và trao quyết định bổ nhiệm ông Loic Faussier đảm nhiệm chức vụ Tổng Giám đốc sau khi được Ngân hàng Nhà nước chấp thuận.",https://cafef.vn/sacombank-bo-nhiem-ong-loic-faussier-giu-chuc-tong-giam-doc-188260710134232601.chn,NEUTRAL,"Bổ nhiệm TGĐ mới — thủ tục nhân sự, không rõ tác động tích cực hay tiêu cực; primary_ticker SSB không khớp với SACOMBANK (STB)"
410c6deb1744,2026-07-08,AMC,Cận cảnh dự án 900 căn nhà ở xã hội 'xây mãi chưa xong',"Được kỳ vọng cung cấp khoảng 900 căn hộ cho người thu nhập thấp, thế nhưng sau hơn 10 năm, dự án nhà ở xã hội AMC I tại Thanh Hóa vẫn “dậm chân tại chỗ”, chỉ có phần móng dang dở trong bãi đất trống cỏ cây um tùm.","Cận cảnh dự án 900 căn nhà ở xã hội 'xây mãi chưa xong' Được kỳ vọng cung cấp khoảng 900 căn hộ cho người thu nhập thấp, thế nhưng sau hơn 10 năm, dự án nhà ở xã hội AMC I tại Thanh Hóa vẫn “dậm chân tại chỗ”, chỉ có phần móng dang dở trong bãi đất trống cỏ cây um tùm.",https://cafef.vn/can-canh-du-an-900-can-nha-o-xa-hoi-xay-mai-chua-xong-188260708195551156.chn,NEGATIVE,"Dự án 900 căn nhà ở xã hội 10 năm chưa xong — thất bại triển khai, uy tín AMC bị ảnh hưởng"
026d18f3b88d,2025-08-17,KMR,"Dự báo nhịp điều chỉnh là cơ hội mua vào, chuyên gia chỉ tên 2 nhóm cổ phiếu có câu chuyện tăng trưởng","Theo Ông Đặng Văn Cường - Trưởng phòng tư vấn đầu tư Chứng khoán Mirae Asset Việt Nam, nhịp điều chỉnh trong ngắn hạn luôn là một phần không thể thiếu nhưng rất khó để dự báo chính xác thời điểm nó sẽ đến.","Dự báo nhịp điều chỉnh là cơ hội mua vào, chuyên gia chỉ tên 2 nhóm cổ phiếu có câu chuyện tăng trưởng Theo Ông Đặng Văn Cường - Trưởng phòng tư vấn đầu tư Chứng khoán Mirae Asset Việt Nam, nhịp điều chỉnh trong ngắn hạn luôn là một phần không thể thiếu nhưng rất khó để dự báo chính xác thời điểm nó sẽ đến.",https://cafef.vn/du-bao-nhip-dieu-chinh-la-co-hoi-mua-vao-chuyen-gia-chi-ten-2-nhom-co-phieu-co-cau-chuyen-tang-truong-188250817234745638.chn,NEUTRAL,"Chuyên gia KMR phân tích thị trường chung, không tác động trực tiếp với KMR"
78b74acd1cbd,2026-03-21,VND,"Bật tăng trong nửa đầu tháng 3, tỷ giá USD sẽ diễn biến thế nào trong thời gian tới?","Đà tăng của đồng bac xanh trong bối cảnh rủi ro địa chính trị leo thang đã gây áp lực lên tỷ giá USD/VND nửa đầu tháng 3. Các tổ chức phân tích nhận định tỷ giá có thể tiếp tục biến động trong năm 2026, dù dư địa mất giá của VND được đánh giá là không lớn nhờ nền tảng vĩ mô ổn định và chính sách điều hành linh hoạt của Ngân hàng Nhà nước.","Bật tăng trong nửa đầu tháng 3, tỷ giá USD sẽ diễn biến thế nào trong thời gian tới? Đà tăng của đồng bac xanh trong bối cảnh rủi ro địa chính trị leo thang đã gây áp lực lên tỷ giá USD/VND nửa đầu tháng 3. Các tổ chức phân tích nhận định tỷ giá có thể tiếp tục biến động trong năm 2026, dù dư địa mất giá của VND được đánh giá là không lớn nhờ nền tảng vĩ mô ổn định và chính sách điều hành linh hoạt của Ngân hàng Nhà nước.",https://cafef.vn/bat-tang-trong-nua-dau-thang-3-ty-gia-usd-se-dien-bien-the-nao-trong-thoi-gian-toi-188260321234637893.chn,NEUTRAL,"Phân tích tỷ giá USD/VND vĩ mô, primary_ticker VND là chứng khoán không liên quan"
e9f6c3211973,2025-11-21,PGB,Thành viên HĐQT PGBank thay đổi kế hoạch mua cổ phiếu,Thành viên HĐQT Đinh Thành Nghiệp và vợ không thực hiện mua vào cổ phiếu PGB như đã đăng ký do cá nhân không có nhu cầu mua tại thời điểm này.,Thành viên HĐQT PGBank thay đổi kế hoạch mua cổ phiếu Thành viên HĐQT Đinh Thành Nghiệp và vợ không thực hiện mua vào cổ phiếu PGB như đã đăng ký do cá nhân không có nhu cầu mua tại thời điểm này.,https://cafef.vn/thanh-vien-hdqt-pgbank-khong-mua-vao-co-phieu-nhu-da-dang-ky-188251121155859266.chn,NEGATIVE,Thành viên HĐQT huỷ kế hoạch mua cổ phiếu PGB — tín hiệu giảm niềm tin của insider
348ee8a9a14b,2025-02-14,VCB,"Giữa làn sóng tái cấu trúc nhân sự, Vietcombank thông báo tuyển thêm 272 nhân viên ngay đầu năm, nhiều vị trí không yêu cầu kinh nghiệm","Vietcombank lưu ý chỉ nhận hồ sơ ứng viên tốt nghiệp Đại học hệ tập trung chính quy/liên kết (không bao gồm hệ liên thông, tại chức, văn bằng 2, vừa học vừa làm) của các trường Đại học theo quy định của Vietcombank. Đào tạo Thạc sỹ trở lên chỉ là tiêu chí ưu tiên.","Giữa làn sóng tái cấu trúc nhân sự, Vietcombank thông báo tuyển thêm 272 nhân viên ngay đầu năm, nhiều vị trí không yêu cầu kinh nghiệm Vietcombank lưu ý chỉ nhận hồ sơ ứng viên tốt nghiệp Đại học hệ tập trung chính quy/liên kết (không bao gồm hệ liên thông, tại chức, văn bằng 2, vừa học vừa làm) của các trường Đại học theo quy định của Vietcombank. Đào tạo Thạc sỹ trở lên chỉ là tiêu chí ưu tiên.",https://cafef.vn/giua-lan-song-tai-cau-truc-nhan-su-vietcombank-thong-bao-tuyen-them-272-nhan-vien-ngay-dau-nam-nhieu-vi-tri-khong-yeu-cau-kinh-nghiem-188250214095441189.chn,NEUTRAL,"Tuyển dụng 272 nhân viên — hoạt động vận hành thường kỳ, không tác động tài chính rõ"
00dc56144a37,2026-03-16,VCG,Vinaconex bất ngờ muốn bán hơn 18% vốn công ty có cổ phiếu tăng nóng,"Sau khi ông Tô Dũng được bầu làm Chủ tịch HĐQT, cổ phiếu của công ty này đã tăng trần 7 phiên liên tiếp.","Vinaconex bất ngờ muốn bán hơn 18% vốn công ty có cổ phiếu tăng nóng Sau khi ông Tô Dũng được bầu làm Chủ tịch HĐQT, cổ phiếu của công ty này đã tăng trần 7 phiên liên tiếp.",https://cafef.vn/vinaconex-bat-ngo-muon-ban-hon-18-von-cong-ty-co-co-phieu-tang-nong-18826031613295673.chn,NEGATIVE,"Vinaconex muốn bán 18% vốn công ty con — thoái vốn, tín hiệu xem xét lại chiến lược"
7eae6fede222,2026-07-15,BCG,"Cổ phiếu bị hủy niêm yết, CEO Bamboo Capital viết tâm thư xin lỗi cổ đông",Lãnh đạo Bamboo Capital cho biết việc hủy niêm yết không đồng nghĩa với việc chấm dứt tư cách pháp nhân của công ty.,"Cổ phiếu bị hủy niêm yết, CEO Bamboo Capital viết tâm thư xin lỗi cổ đông Lãnh đạo Bamboo Capital cho biết việc hủy niêm yết không đồng nghĩa với việc chấm dứt tư cách pháp nhân của công ty.",https://cafef.vn/co-phieu-bi-huy-niem-yet-ceo-bamboo-capital-viet-tam-thu-xin-loi-co-dong-188260715165539139.chn,NEGATIVE,"Cổ phiếu bị huỷ niêm yết, CEO viết tâm thư xin lỗi — kết cục cực tiêu cực"
465b5b19f3be,2026-02-12,TFC,"Tập đoàn xây dựng hàng đầu Trung Quốc xây cầu Tứ Liên, cầu Ngọc Hồi, tuyến đường sắt đô thị số 5 Văn Cao - Hòa Lạc… tự tin vượt thách thức, đạt tiến độ","Ông Nghiêm Giới Hòa cho biết, Tập đoàn Thái Bình Dương tự tin triển khai các dự án bảo đảm an toàn, chất lượng, và tập đoàn sẵn sàng đối mặt với thách thức để hoàn thành mục tiêu Thành phố Hà Nội đề ra.","Tập đoàn xây dựng hàng đầu Trung Quốc xây cầu Tứ Liên, cầu Ngọc Hồi, tuyến đường sắt đô thị số 5 Văn Cao - Hòa Lạc… tự tin vượt thách thức, đạt tiến độ Ông Nghiêm Giới Hòa cho biết, Tập đoàn Thái Bình Dương tự tin triển khai các dự án bảo đảm an toàn, chất lượng, và tập đoàn sẵn sàng đối mặt với thách thức để hoàn thành mục tiêu Thành phố Hà Nội đề ra.",https://cafef.vn/tap-doan-xay-dung-hang-dau-trung-quoc-xay-cau-tu-lien-cau-ngoc-hoi-tuyen-duong-sat-do-thi-so-5-van-cao-hoa-lac-tu-tin-vuot-thach-thuc-dat-tien-do-188260212170920591.chn,NEUTRAL,"Bài về tập đoàn Trung Quốc thi công dự án hạ tầng Hà Nội, TFC là khu vực dự án không phải DN"
e34979b4b1c1,2026-04-07,QNS,Chủ thương hiệu sữa đậu nành Fami sắp chi hơn 735 tỷ đồng trả cổ tức,"Đường Quảng Ngãi- chủ thương hiệu sữa đậu nành Fami sắp chi gần 735,3 tỷ đồng chi trả phần cổ tức còn lại năm 2025 cho cổ đông bằng tiền mặt với tỷ lệ 20%. Ngày đăng ký cuối cùng là 17/4/2026.","Chủ thương hiệu sữa đậu nành Fami sắp chi hơn 735 tỷ đồng trả cổ tức Đường Quảng Ngãi- chủ thương hiệu sữa đậu nành Fami sắp chi gần 735,3 tỷ đồng chi trả phần cổ tức còn lại năm 2025 cho cổ đông bằng tiền mặt với tỷ lệ 20%. Ngày đăng ký cuối cùng là 17/4/2026.",https://cafef.vn/chu-thuong-hieu-sua-dau-nanh-fami-sap-chi-hon-735-ty-dong-tra-co-tuc-188260407102350899.chn,POSITIVE,Chia cổ tức tiền mặt 20% (~735 tỷ đồng) — dòng tiền thực về tay cổ đông
5bd2751fb385,2025-08-01,VNZ,Nhìn lại những cổ phiếu Việt Nam từng chào sàn với giá cao giật mình,F88 vừa xác lập kỷ lục mới về giá chào sàn của một cổ phiếu trên thị trường chứng khoán Việt Nam,Nhìn lại những cổ phiếu Việt Nam từng chào sàn với giá cao giật mình F88 vừa xác lập kỷ lục mới về giá chào sàn của một cổ phiếu trên thị trường chứng khoán Việt Nam,https://cafef.vn/nhin-lai-nhung-co-phieu-viet-nam-tung-chao-san-voi-gia-cao-giat-minh-188250801221352004.chn,NEUTRAL,"Bài tổng hợp lịch sử IPO thị trường, VNZ không phải nhân vật chính"
3940a5bd742f,2026-05-09,MPC,"""Vua tôm"" nói điều bất ngờ: Khách quốc tế giờ chỉ thích tôm nhỏ!",(NLĐO) – Vua tôm cho biết ngành tôm đang có sự thay đổi lớn khi người tiêu dùng thế giới chuyển hướng sang mua tôm cỡ nhỏ để tiết kiệm chi phí,"""Vua tôm"" nói điều bất ngờ: Khách quốc tế giờ chỉ thích tôm nhỏ! (NLĐO) – Vua tôm cho biết ngành tôm đang có sự thay đổi lớn khi người tiêu dùng thế giới chuyển hướng sang mua tôm cỡ nhỏ để tiết kiệm chi phí",https://cafef.vn/vua-tom-noi-dieu-bat-ngo-khach-quoc-te-gio-chi-thich-tom-nho-188260509130808692.chn,NEUTRAL,Phân tích xu hướng tiêu dùng tôm cỡ nhỏ — tác động chưa rõ tích cực hay tiêu cực với MPC
68400dddc8cd,2025-07-16,VAB,"Ngân hàng ồ ạt chuyển sàn: 4/7 mã chuẩn bị niêm yết, thị trường UPCoM sắp vắng bóng ngành bank",4 ngân hàng có kế hoạch niêm yết cổ phiếu vào cuối năm 2025 và đầu 2026. Saigonbank cũng sẽ chuyển sàn trong thời gian tới. Hiện chỉ còn 2 ngân hàng trên thị trường UPCoM chưa công bố kế hoạch niêm yết là ABBank và PGBank.,"Ngân hàng ồ ạt chuyển sàn: 4/7 mã chuẩn bị niêm yết, thị trường UPCoM sắp vắng bóng ngành bank 4 ngân hàng có kế hoạch niêm yết cổ phiếu vào cuối năm 2025 và đầu 2026. Saigonbank cũng sẽ chuyển sàn trong thời gian tới. Hiện chỉ còn 2 ngân hàng trên thị trường UPCoM chưa công bố kế hoạch niêm yết là ABBank và PGBank.",https://cafef.vn/ngan-hang-o-at-chuyen-san-4-7-ma-chuan-bi-niem-yet-thi-truong-upcom-sap-vang-bong-nganh-bank-188250716111917328.chn,POSITIVE,"4 ngân hàng chuẩn bị niêm yết — VAB trong nhóm này, chuyển sàn thường là tín hiệu tích cực"
3e9a01a60233,2026-05-14,FMC,"Thuế chống bán phá giá tôm sang Mỹ: 132 doanh nghiệp gánh mức 'kịch khung' hơn 25%, Sao Ta và STAPIMEX chịu thuế bao nhiêu?","Phán quyết sơ bộ từ Bộ Thương mại Mỹ (DOC) tiếp tục duy trì mức thuế toàn quốc 25,76% đối với 132 doanh nghiệp tôm Việt Nam. Đáng chú ý, hai ""đầu tàu"" xuất khẩu là Sao Ta (FMC) và STAPIMEX cũng đã lộ diện mức thuế suất riêng rẽ, mang theo những rủi ro bất ngờ từ quy định dữ liệu sẵn có bất lợi.","Thuế chống bán phá giá tôm sang Mỹ: 132 doanh nghiệp gánh mức 'kịch khung' hơn 25%, Sao Ta và STAPIMEX chịu thuế bao nhiêu? Phán quyết sơ bộ từ Bộ Thương mại Mỹ (DOC) tiếp tục duy trì mức thuế toàn quốc 25,76% đối với 132 doanh nghiệp tôm Việt Nam. Đáng chú ý, hai ""đầu tàu"" xuất khẩu là Sao Ta (FMC) và STAPIMEX cũng đã lộ diện mức thuế suất riêng rẽ, mang theo những rủi ro bất ngờ từ quy định dữ liệu sẵn có bất lợi.",https://cafef.vn/thue-chong-ban-pha-gia-tom-sang-my-132-doanh-nghiep-ganh-muc-kich-khung-hon-25-sao-ta-va-stapimex-chiu-thue-bao-nhieu-188260514085559942.chn,NEGATIVE,"Thuế chống bán phá giá 25%+ tôm Mỹ, FMC bị lộ mức thuế riêng bất lợi — rủi ro xuất khẩu lớn"
e5f175136d13,2026-03-09,TDF,Điều gì xảy ra sau 'cú rơi' mạnh nhất lịch sử chứng khoán?,"VN-Index lao dốc mạnh trong phiên 9/3 khi căng thẳng Trung Đông đẩy giá dầu tăng mạnh, kéo theo lo ngại lạm phát và áp lực margin trên thị trường. Theo các chuyên gia, thị trường nhiều khả năng còn biến động mạnh, khó xác định vùng đáy trong ngắn hạn.","Điều gì xảy ra sau 'cú rơi' mạnh nhất lịch sử chứng khoán? VN-Index lao dốc mạnh trong phiên 9/3 khi căng thẳng Trung Đông đẩy giá dầu tăng mạnh, kéo theo lo ngại lạm phát và áp lực margin trên thị trường. Theo các chuyên gia, thị trường nhiều khả năng còn biến động mạnh, khó xác định vùng đáy trong ngắn hạn.",https://cafef.vn/dieu-gi-xay-ra-sau-cu-roi-manh-nhat-lich-su-chung-khoan-188260309164138825.chn,NEUTRAL,"Bài vĩ mô về chứng khoán và thị trường chung, TDF không phải nhân vật chính"
90aaf78ea5e0,2025-12-19,DKG,DKG trở thành lựa chọn quà Tết của nhiều doanh nghiệp năm 2026,"Theo Báo cáo Xu hướng tiêu dùng Tết của Deloitte và Kantar, nhóm quà tặng sức khỏe tăng trưởng trung bình từ 18–22% mỗi mùa Tết và chiếm hơn 40% tổng giá trị giỏ quà doanh nghiệp trong ba năm gần đây – cho thấy nhu cầu của thị trường đang dịch chuyển theo hướng chú trọng sức khỏe và trải nghiệm thực tế.","DKG trở thành lựa chọn quà Tết của nhiều doanh nghiệp năm 2026 Theo Báo cáo Xu hướng tiêu dùng Tết của Deloitte và Kantar, nhóm quà tặng sức khỏe tăng trưởng trung bình từ 18–22% mỗi mùa Tết và chiếm hơn 40% tổng giá trị giỏ quà doanh nghiệp trong ba năm gần đây – cho thấy nhu cầu của thị trường đang dịch chuyển theo hướng chú trọng sức khỏe và trải nghiệm thực tế.",https://cafef.vn/dkg-tro-thanh-lua-chon-qua-tet-cua-nhieu-doanh-nghiep-nam-2025-188251219075512992.chn,NEUTRAL,"DKG được chọn làm quà Tết DN — câu chuyện PR dịp Tết, chưa rõ doanh thu cụ thể"
a0e804e79f65,2026-06-08,VIC,Tổng giám đốc Vingroup nói gì về thương vụ gia tăng sở hữu tại GSM và VinEnergo?,"Ông Nguyễn Việt Quang, Phó Chủ tịch kiêm Tổng giám đốc Tập đoàn Vingroup cho rằng bản chất của giao dịch là trao cho Vingroup quyền lựa chọn nâng tỷ lệ sở hữu trong hai doanh nghiệp tiềm năng, qua đó tạo thêm cơ hội gia tăng giá trị cho cổ đông.","Tổng giám đốc Vingroup nói gì về thương vụ gia tăng sở hữu tại GSM và VinEnergo? Ông Nguyễn Việt Quang, Phó Chủ tịch kiêm Tổng giám đốc Tập đoàn Vingroup cho rằng bản chất của giao dịch là trao cho Vingroup quyền lựa chọn nâng tỷ lệ sở hữu trong hai doanh nghiệp tiềm năng, qua đó tạo thêm cơ hội gia tăng giá trị cho cổ đông.",https://cafef.vn/tong-giam-doc-vingroup-noi-gi-ve-thuong-vu-gia-tang-so-huu-tai-gsm-va-vinenergo-188260608165544066.chn,NEUTRAL,TGĐ Vingroup nói VIC mua quyền chọn nâng sở hữu GSM/VinEnergo — cơ hội tiềm năng nhưng chưa chắc chắn
b9001f9d5280,2025-10-29,SCL,Lịch sự kiện và tin vắn chứng khoán ngày 29/10/2025,Tổng hợp toàn bộ tin vắn nổi bật liên quan đến doanh nghiệp niêm yết trên sàn chứng khoán.,Lịch sự kiện và tin vắn chứng khoán ngày 29/10/2025 Tổng hợp toàn bộ tin vắn nổi bật liên quan đến doanh nghiệp niêm yết trên sàn chứng khoán.,https://cafef.vn/lich-su-kien-va-tin-van-chung-khoan-ngay-29-10-2025-188251029011559372.chn,NEUTRAL,Bản tin tổng hợp sự kiện không gắn với SCL cụ thể
0d9aeb1ec4f8,2025-02-21,VPB,Lĩnh vực bất động sản được ngân hàng bơm thêm gần 600.000 tỷ đồng,"Theo dữ liệu của Ngân hàng Nhà nước, dư nợ tín dụng bất động sản đã tăng thêm khoảng 590.000 tỷ đồng chỉ trong vòng hơn 1 năm, tương đương với mức tăng trưởng khoảng 20%.","Lĩnh vực bất động sản được ngân hàng bơm thêm gần 600.000 tỷ đồng Theo dữ liệu của Ngân hàng Nhà nước, dư nợ tín dụng bất động sản đã tăng thêm khoảng 590.000 tỷ đồng chỉ trong vòng hơn 1 năm, tương đương với mức tăng trưởng khoảng 20%.",https://cafef.vn/linh-vuc-bat-dong-san-duoc-ngan-hang-bom-them-gan-600000-ty-dong-188250221185626044.chn,NEUTRAL,"Phân tích tín dụng BĐS toàn ngành, VPB không phải nhân vật chính"
8c796dd36cd4,2025-09-24,VIC,Hải Phòng chuẩn bị sẵn sàng để khởi công nhà máy điện khí LNG trăm nghìn tỷ đồng của Vingroup,"Dự kiến, lễ động thổ nhà máy điện khí LNG Hải Phòng dự kiến diễn ra ngày 26/9 tại thôn Đa Ngư, gần khu vực phà Dương Áo, trong tình huống thành phố đang chuẩn bị để phòng, chống bão số 9 Ragasa.","Hải Phòng chuẩn bị sẵn sàng để khởi công nhà máy điện khí LNG trăm nghìn tỷ đồng của Vingroup Dự kiến, lễ động thổ nhà máy điện khí LNG Hải Phòng dự kiến diễn ra ngày 26/9 tại thôn Đa Ngư, gần khu vực phà Dương Áo, trong tình huống thành phố đang chuẩn bị để phòng, chống bão số 9 Ragasa.",https://cafef.vn/hai-phong-chuan-bi-san-sang-de-khoi-cong-nha-may-dien-khi-lng-tram-nghin-ty-dong-cua-vingroup-188250924225025714.chn,NEUTRAL,"Khởi công nhà máy điện khí LNG của Vingroup — VIC đầu tư, tác động chưa rõ trong ngắn hạn"
35922e866f2d,2026-07-28,HPG,Tin vui cho Hòa Phát và một 'người bạn' thép,"Sau khi mở cuộc điều tra, cơ quan điều tra sẽ phát hành bản câu hỏi lựa chọn mẫu tới các nhà sản xuất, xuất khẩu nước ngoài có liên quan cũng như cơ quan đại diện của Trung Quốc tại Việt Nam để thu thập thông tin phục vụ quá trình xác minh.","Tin vui cho Hòa Phát và một 'người bạn' thép Sau khi mở cuộc điều tra, cơ quan điều tra sẽ phát hành bản câu hỏi lựa chọn mẫu tới các nhà sản xuất, xuất khẩu nước ngoài có liên quan cũng như cơ quan đại diện của Trung Quốc tại Việt Nam để thu thập thông tin phục vụ quá trình xác minh.",https://cafef.vn/tin-vui-cho-hoa-phat-va-mot-nguoi-ban-thep-188260728115606961.chn,POSITIVE,Tin vui cho HPG: điều tra chống bán phá giá thép nhập khẩu — bảo vệ thị trường nội địa cho HPG
37d5a8c40fff,2025-12-29,TDM,"36 triệu/m2 bàn giao đầy đủ nội thất, Diamond Boulevard ngay Quốc Lộ 13 có gì?","Trong bối cảnh giá căn hộ Đông Bắc TP.HCM đạt ngưỡng tiệm cận 70 triệu/m2, Diamond Boulevard nổi bật với mức giá chỉ từ 36 triệu/m², được xem là thấp nhất trên trục Quốc Lộ 13. Vị trí sát ga C7 tuyến metro TDM – TP.HCM, dự án tạo lợi thế đầu tư – cho thuê nhờ hạ tầng giao thông và nhu cầu thuê gia tăng.","36 triệu/m2 bàn giao đầy đủ nội thất, Diamond Boulevard ngay Quốc Lộ 13 có gì? Trong bối cảnh giá căn hộ Đông Bắc TP.HCM đạt ngưỡng tiệm cận 70 triệu/m2, Diamond Boulevard nổi bật với mức giá chỉ từ 36 triệu/m², được xem là thấp nhất trên trục Quốc Lộ 13. Vị trí sát ga C7 tuyến metro TDM – TP.HCM, dự án tạo lợi thế đầu tư – cho thuê nhờ hạ tầng giao thông và nhu cầu thuê gia tăng.",https://cafef.vn/36-trieu-m2-ban-giao-day-du-noi-that-diamond-boulevard-ngay-quoc-lo-13-co-gi-188251229182020293.chn,NEUTRAL,"Quảng cáo dự án bất động sản Diamond Boulevard gần ga TDM — PR dự án, không phải KQKD"
9dac6047a2ab,2026-01-26,VRE,"Cập nhật BCTC quý 4/2025 chiều ngày 26/1: Vincom Retail (VRE) báo lãi trước thuế quý 4 tăng 144%, một ngân hàng ghi nhận LNTT giảm 43%",Nhiều doanh nghiệp công bố lập kỷ lục về lợi nhuận.,"Cập nhật BCTC quý 4/2025 chiều ngày 26/1: Vincom Retail (VRE) báo lãi trước thuế quý 4 tăng 144%, một ngân hàng ghi nhận LNTT giảm 43% Nhiều doanh nghiệp công bố lập kỷ lục về lợi nhuận.",https://cafef.vn/cap-nhat-bctc-quy-4-2025-ngay-26-1-nhieu-doanh-nghiep-tang-truong-hang-nghin-hang-tram-188260126000437623.chn,POSITIVE,VRE lãi Q4 tăng 144% YoY — KQKD đột biến tích cực
a1e1b2a1935b,2025-07-03,NAB,"Đón sóng nâng hạng, khối ngoại đảo chiều giải ngân hàng nghìn tỷ “gom” cổ phiếu Việt Nam","Áp lực xả hàng tại những phiên bán ròng giảm rõ rệt, trong khi những phiên mua ròng nghìn tỷ đã xuất hiện trên thị trường chứng khoán Việt Nam.","Đón sóng nâng hạng, khối ngoại đảo chiều giải ngân hàng nghìn tỷ “gom” cổ phiếu Việt Nam Áp lực xả hàng tại những phiên bán ròng giảm rõ rệt, trong khi những phiên mua ròng nghìn tỷ đã xuất hiện trên thị trường chứng khoán Việt Nam.",https://cafef.vn/don-song-nang-hang-khoi-ngoai-dao-chieu-giai-ngan-hang-nghin-ty-gom-co-phieu-viet-nam-188250703232621106.chn,POSITIVE,Khối ngoại đảo chiều mua ròng nghìn tỷ sau kỳ vọng nâng hạng — tín hiệu dòng tiền tích cực cho NAB
c4768feeef68,2026-01-26,VRE,"Vincom Retail báo lãi sau thuế năm 2025 hơn 6.400 tỷ, tăng trưởng 57%",Công ty đã đạt 137% kế hoạch lợi nhuận cả năm 2025.,"Vincom Retail báo lãi sau thuế năm 2025 hơn 6.400 tỷ, tăng trưởng 57% Công ty đã đạt 137% kế hoạch lợi nhuận cả năm 2025.",https://cafef.vn/vincom-retail-bao-lai-sau-thue-nam-2025-hon-6400-ty-tang-truong-57-188260126135815219.chn,POSITIVE,"VRE lãi năm 2025 hơn 6.400 tỷ, tăng 57% YoY, đạt 137% kế hoạch — KQKD xuất sắc"
af948d31966f,2025-08-24,VCB,"Bản đồ 19 'ông lớn' quyền lực nhất các tỉnh thành Việt Nam: 1,4 triệu tỷ đang 'phân bổ' ở đâu?","Ở mỗi địa phương, luôn có những doanh nghiệp đóng vai trò ""anh cả"", là trụ cột kinh tế, đóng góp ngân sách chủ lực và là niềm tự hào của người dân. Thậm chí, tầm ảnh hưởng của một số ""người khổng lồ"" còn có thể tác động trực tiếp đến ngân sách và việc làm của cả tỉnh.","Bản đồ 19 'ông lớn' quyền lực nhất các tỉnh thành Việt Nam: 1,4 triệu tỷ đang 'phân bổ' ở đâu? Ở mỗi địa phương, luôn có những doanh nghiệp đóng vai trò ""anh cả"", là trụ cột kinh tế, đóng góp ngân sách chủ lực và là niềm tự hào của người dân. Thậm chí, tầm ảnh hưởng của một số ""người khổng lồ"" còn có thể tác động trực tiếp đến ngân sách và việc làm của cả tỉnh.",https://cafef.vn/ban-do-19-ong-lon-quyen-luc-nhat-cac-tinh-thanh-viet-nam-14-trieu-ty-dang-phan-bo-o-dau-188250824075209533.chn,NEUTRAL,"Bài phân tích 19 doanh nghiệp lớn toàn quốc, VCB không phải nhân vật chính duy nhất"
ac451abca022,2026-04-08,ABB,"Ngân hàng tiếp tục tăng lãi suất tiết kiệm, gửi 500.000 đồng nhận lãi tới 8,2%/năm","Hàng loạt ngân hàng thương mại tung ra thị trường các sản phẩm tiền gửi với lãi suất cao, thu hút người dân gửi tiết kiệm.","Ngân hàng tiếp tục tăng lãi suất tiết kiệm, gửi 500.000 đồng nhận lãi tới 8,2%/năm Hàng loạt ngân hàng thương mại tung ra thị trường các sản phẩm tiền gửi với lãi suất cao, thu hút người dân gửi tiết kiệm.",https://cafef.vn/ngan-hang-tiep-tuc-tang-lai-suat-tiet-kiem-gui-500000-dong-nhan-lai-toi-82-nam-1882604081511183.chn,NEUTRAL,"Nhiều NH tăng lãi suất tiết kiệm — xu hướng ngành, ABB không phải chủ đề chính"
e69b394b6e5f,2025-03-07,VIB,"VIB Ivy Card – Thẻ tín dụng cho sinh viên ưu tú, sẵn sàng làm chủ tài chính cá nhân","Thấu hiểu khát vọng vươn tới thành công của sinh viên thế hệ mới, không chỉ trong học tập mà còn trong quản lý tài chính, Ngân hàng Quốc Tế (VIB) chính thức giới thiệu thẻ tín dụng Ivy Card – người bạn đồng hành thông minh, giúp sinh viên tiếp cận các đặc quyền tài chính vượt trội ngay từ khi còn ngồi trên ghế giảng đường.","VIB Ivy Card – Thẻ tín dụng cho sinh viên ưu tú, sẵn sàng làm chủ tài chính cá nhân Thấu hiểu khát vọng vươn tới thành công của sinh viên thế hệ mới, không chỉ trong học tập mà còn trong quản lý tài chính, Ngân hàng Quốc Tế (VIB) chính thức giới thiệu thẻ tín dụng Ivy Card – người bạn đồng hành thông minh, giúp sinh viên tiếp cận các đặc quyền tài chính vượt trội ngay từ khi còn ngồi trên ghế giảng đường.",https://cafef.vn/vib-ivy-card-the-tin-dung-cho-sinh-vien-uu-tu-san-sang-lam-chu-tai-chinh-ca-nhan-188250307071137314.chn,NEUTRAL,"Ra mắt thẻ tín dụng sinh viên — sản phẩm mới nhỏ, PR, chưa rõ tác động doanh thu VIB"
2c0d22152517,2025-10-22,KDC,Vì sao Kido bị xử phạt hành chính 240 triệu đồng?,Do đã có hành vi công bố thông tin không đúng thời hạn và công bố thông tin sai lệch nên Kido đã bị UBCKNN xử phạt hành chính tổng số tiền 240 triệu đồng.,Vì sao Kido bị xử phạt hành chính 240 triệu đồng? Do đã có hành vi công bố thông tin không đúng thời hạn và công bố thông tin sai lệch nên Kido đã bị UBCKNN xử phạt hành chính tổng số tiền 240 triệu đồng.,https://cafef.vn/vi-sao-kido-bi-xu-phat-hanh-chinh-240-trieu-dong-188251022134021852.chn,NEGATIVE,KDC bị phạt 240 triệu vì công bố thông tin sai lệch và trễ hạn
6f426a979633,2026-04-14,NRC,Tập đoàn NRC gia hạn thời gian tổ chức ĐHĐCĐ thường niên năm 2026,Tập đoàn NRC gia hạn thời gian tổ chức ĐHĐCĐ thường niên năm 2026 chậm nhất ngày 30/6/2026 để hoàn thiện các nội dung trình đại hội.,Tập đoàn NRC gia hạn thời gian tổ chức ĐHĐCĐ thường niên năm 2026 Tập đoàn NRC gia hạn thời gian tổ chức ĐHĐCĐ thường niên năm 2026 chậm nhất ngày 30/6/2026 để hoàn thiện các nội dung trình đại hội.,https://cafef.vn/tap-doan-nrc-gia-han-thoi-gian-to-chuc-dhdcd-thuong-nien-nam-2026-188260414121435903.chn,NEUTRAL,"Gia hạn họp ĐHCĐ — thủ tục hành chính, không tác động tài chính"
72b616979dc4,2025-06-27,SCS,"Trả cổ tức tiền mặt 60%, 'Đại gia' sân bay đặt mục tiêu lãi kỷ lục 860 tỷ, muốn làm kho hàng ở Sân bay Long Thành","Năm nay, Công ty dự chia cổ tức 30%, giảm một nửa so với tỷ lệ năm 2024.","Trả cổ tức tiền mặt 60%, 'Đại gia' sân bay đặt mục tiêu lãi kỷ lục 860 tỷ, muốn làm kho hàng ở Sân bay Long Thành Năm nay, Công ty dự chia cổ tức 30%, giảm một nửa so với tỷ lệ năm 2024.",https://cafef.vn/tra-co-tuc-tien-mat-60-dai-gia-san-bay-dat-muc-tieu-lai-ky-luc-860-ty-muon-lam-kho-hang-o-san-bay-long-thanh-18825062713030613.chn,POSITIVE,"Chia cổ tức tiền mặt 60% (năm trước), kế hoạch lãi kỷ lục 860 tỷ, mở kho Long Thành — nhiều tín hiệu tích cực"
f3601ce06c35,2025-08-11,BVB,Lãi suất tiết kiệm tháng 8/2025 tại BVBank: Cao nhất hơn 6%/năm,"BVBank áp dụng mức lãi suất tuyến cao nhất 6,1%/năm cho khách hàng cá nhân gửi kỳ hạn 60 tháng. Các kỳ hạn khác cũng có mức lãi suất cạnh tranh 5,9%/năm kỳ hạn 24 tháng giúp khách hàng tối ưu lợi nhuận trên số tiền nhàn rỗi.","Lãi suất tiết kiệm tháng 8/2025 tại BVBank: Cao nhất hơn 6%/năm BVBank áp dụng mức lãi suất tuyến cao nhất 6,1%/năm cho khách hàng cá nhân gửi kỳ hạn 60 tháng. Các kỳ hạn khác cũng có mức lãi suất cạnh tranh 5,9%/năm kỳ hạn 24 tháng giúp khách hàng tối ưu lợi nhuận trên số tiền nhàn rỗi.",https://cafef.vn/lai-suat-tiet-kiem-thang-8-2025-tai-bvbank-cao-nhat-hon-6-nam-188250811161207296.chn,NEUTRAL,"Bản tin lãi suất tiết kiệm tháng 8 của BVB — thông tin thị trường, không phải KQKD"
b38bf6f1800f,2026-05-21,TSB,Ông Lưu Bách Đạt - TGĐ Hoá chất Đức Giang làm Chủ tịch công ty sản xuất ắc quy thay ông Đào Hữu Huyền,"Ông Lưu Bách Đạt, sinh năm 1983, hiện là Thành viên HĐQT kiêm Tổng Giám đốc Tập đoàn Hóa chất Đức Giang (HOSE: DGC) – doanh nghiệp đang nắm 51% vốn tại Tibaco.","Ông Lưu Bách Đạt - TGĐ Hoá chất Đức Giang làm Chủ tịch công ty sản xuất ắc quy thay ông Đào Hữu Huyền Ông Lưu Bách Đạt, sinh năm 1983, hiện là Thành viên HĐQT kiêm Tổng Giám đốc Tập đoàn Hóa chất Đức Giang (HOSE: DGC) – doanh nghiệp đang nắm 51% vốn tại Tibaco.",https://cafef.vn/ong-luu-bach-dat-tgd-hoa-chat-duc-giang-lam-chu-tich-cong-ty-san-xuat-ac-quy-thay-ong-dao-huu-huyen-188260521104827865.chn,NEUTRAL,Lưu Bách Đạt (TGĐ DGC) được bổ nhiệm Chủ tịch Tibaco (TSB) — TSB hưởng lợi hay bị ảnh hưởng chưa rõ
5c2508c7ce60,2026-07-14,PNJ,Hiện tượng lần đầu xuất hiện tại PNJ sau hơn 4 tháng,"Đây là lần đầu tiên cổ phiếu PNJ tăng kịch trần sau hơn 4 tháng, kể từ phiên 10/3/2026.","Hiện tượng lần đầu xuất hiện tại PNJ sau hơn 4 tháng Đây là lần đầu tiên cổ phiếu PNJ tăng kịch trần sau hơn 4 tháng, kể từ phiên 10/3/2026.",https://cafef.vn/hien-tuong-lan-dau-xuat-hien-tai-pnj-sau-hon-4-thang-188260714150510498.chn,POSITIVE,"Cổ phiếu PNJ tăng kịch trần lần đầu sau 4 tháng — tin giá cổ phiếu hồi phục, tâm lý tích cực"
9b3504e32c65,2026-04-26,VIB,Từ cực quang đến tác phẩm nghệ thuật thủy ấn: Biểu tượng đặc quyền của khách hàng VIB Privilege Banking,"Trong thế giới tinh hoa, có những biểu tượng không dành cho số đông, mà được tạo ra để phản chiếu một chuẩn mực sống. Khăn lụa tơ tằm thủy ấn đính đá Swarovski – nơi mỗi họa tiết là một phiên bản duy nhất – được VIB Privilege Banking lựa chọn như một cách kể câu chuyện về các khách hàng ưu tiên.","Từ cực quang đến tác phẩm nghệ thuật thủy ấn: Biểu tượng đặc quyền của khách hàng VIB Privilege Banking Trong thế giới tinh hoa, có những biểu tượng không dành cho số đông, mà được tạo ra để phản chiếu một chuẩn mực sống. Khăn lụa tơ tằm thủy ấn đính đá Swarovski – nơi mỗi họa tiết là một phiên bản duy nhất – được VIB Privilege Banking lựa chọn như một cách kể câu chuyện về các khách hàng ưu tiên.",https://cafef.vn/tu-cuc-quang-den-tac-pham-nghe-thuat-thuy-an-bieu-tuong-dac-quyen-cua-khach-hang-vib-privilege-banking-188260426190356051.chn,NEUTRAL,Bài PR dịch vụ khách hàng ưu tiên VIB Privilege Banking — marketing thuần
ab730030dee1,2026-01-19,LPB,"Logo Sacombank bất ngờ xuất hiện tại ""đại bản doanh"" của Thaigroup",Một vài đơn vị của Sacombank đã chuyển về hoạt động tại trụ sở của Thaigroup – nơi từng là Văn phòng phía Nam của LPBank.,"Logo Sacombank bất ngờ xuất hiện tại ""đại bản doanh"" của Thaigroup Một vài đơn vị của Sacombank đã chuyển về hoạt động tại trụ sở của Thaigroup – nơi từng là Văn phòng phía Nam của LPBank.",https://cafef.vn/logo-sacombank-bat-ngo-xuat-hien-tai-dai-ban-doanh-cua-thaigroup-188260119190104737.chn,NEUTRAL,"Logo Sacombank xuất hiện tại trụ sở Thaigroup — sự kiện di chuyển văn phòng, không tác động tài chính LPB"
b8390ee7a258,2025-04-01,LPB,LPBank và VPBank giảm lãi suất tiết kiệm ngày cuối cùng tháng 3,"Ngày 31/3, Ngân hàng TMCP Lộc Phát Việt Nam (LPBank) tiếp tục giảm lãi suất tiết kiệm trực tuyến. Đây là lần giảm lãi suất thứ hai trong tháng sau khi ngân hàng này giảm 0,1%/năm lãi suất kỳ hạn 18-60 tháng vào ngày 3/3.","LPBank và VPBank giảm lãi suất tiết kiệm ngày cuối cùng tháng 3 Ngày 31/3, Ngân hàng TMCP Lộc Phát Việt Nam (LPBank) tiếp tục giảm lãi suất tiết kiệm trực tuyến. Đây là lần giảm lãi suất thứ hai trong tháng sau khi ngân hàng này giảm 0,1%/năm lãi suất kỳ hạn 18-60 tháng vào ngày 3/3.",https://cafef.vn/lpbank-va-vpbank-giam-lai-suat-tiet-kiem-ngay-cuoi-cung-thang-3-188250401135137599.chn,NEUTRAL,"LPB và VPBank giảm lãi suất tiết kiệm — xu hướng thị trường, tác động không rõ với LPB"
f16d8c08b3f9,2026-07-02,KPF,“Cú bắt tay” thế kỷ cùng KPF và khát vọng đưa Bãi Cháy vươn tầm quốc tế,Vì sao một vùng đất sở hữu di sản thiên nhiên nổi tiếng thế giới như Hạ Long nhiều năm qua chưa thể khai thác hết tiềm năng kinh tế đêm? Đâu là mô hình đủ khác biệt để biến Bãi Cháy thành đô thị du lịch - giải trí đẳng cấp quốc tế?,“Cú bắt tay” thế kỷ cùng KPF và khát vọng đưa Bãi Cháy vươn tầm quốc tế Vì sao một vùng đất sở hữu di sản thiên nhiên nổi tiếng thế giới như Hạ Long nhiều năm qua chưa thể khai thác hết tiềm năng kinh tế đêm? Đâu là mô hình đủ khác biệt để biến Bãi Cháy thành đô thị du lịch - giải trí đẳng cấp quốc tế?,https://cafef.vn/cu-bat-tay-the-ky-cung-kpf-va-khat-vong-dua-bai-chay-vuon-tam-quoc-te-188260702154028393.chn,POSITIVE,KPF hợp tác phát triển đô thị du lịch giải trí quốc tế tại Bãi Cháy — mở hướng kinh doanh mới
7ead06cbea14,2026-07-17,NTC,"Phát hiện một ông lớn KCN đang nắm khoản đầu tư sinh lời hơn 1.100%, sở hữu “kho tiền” nghìn tỷ, lãi quý II tăng 36%","Một ông lớn khu công nghiệp vừa ghi nhận lợi nhuận quý II tăng mạnh, trong khi lượng tiền và tiền gửi vượt 1.300 tỷ đồng. Đáng chú ý, một khoản đầu tư của doanh nghiệp hiện có giá trị cao gấp hơn 12 lần vốn ban đầu.","Phát hiện một ông lớn KCN đang nắm khoản đầu tư sinh lời hơn 1.100%, sở hữu “kho tiền” nghìn tỷ, lãi quý II tăng 36% Một ông lớn khu công nghiệp vừa ghi nhận lợi nhuận quý II tăng mạnh, trong khi lượng tiền và tiền gửi vượt 1.300 tỷ đồng. Đáng chú ý, một khoản đầu tư của doanh nghiệp hiện có giá trị cao gấp hơn 12 lần vốn ban đầu.",https://cafef.vn/phat-hien-mot-ong-lon-kcn-dang-nam-khoan-dau-tu-sinh-loi-hon-1100-so-huu-kho-tien-nghin-ty-lai-quy-ii-tang-36-188260717082057848.chn,POSITIVE,"Lãi Q2 NTC tăng 36%, có khoản đầu tư sinh lời 1.100%, tiền mặt 1.300 tỷ — KQKD và tài sản tích cực"
32df9c31c71c,2025-01-03,STK,"Bỗng nhiên được tặng gói hàng 17 tỷ USD, người phụ nữ tại Hòa Bình suýt bị lừa chuyển tiền vào STK 1043506531","Ngày 02/01/2025, bà M.T.L, trú tại thị trấn Chi Nê, Lạc Thuỷ, Hoà Bình gửi thư tới Giám đốc Công an tỉnh Hòa Bình cảm ơn lực lượng Công an huyện Lạc Thủy đã tận tình giải thích, hướng dẫn để bà không bị lừa 26 triệu đồng.","Bỗng nhiên được tặng gói hàng 17 tỷ USD, người phụ nữ tại Hòa Bình suýt bị lừa chuyển tiền vào STK 1043506531 Ngày 02/01/2025, bà M.T.L, trú tại thị trấn Chi Nê, Lạc Thuỷ, Hoà Bình gửi thư tới Giám đốc Công an tỉnh Hòa Bình cảm ơn lực lượng Công an huyện Lạc Thủy đã tận tình giải thích, hướng dẫn để bà không bị lừa 26 triệu đồng.",https://cafef.vn/bong-nhien-duoc-tang-goi-hang-17-ty-usd-nguoi-phu-nu-tai-hoa-binh-suyt-bi-lua-chuyen-tien-vao-stk-1043506531-188250103163005381.chn,NEUTRAL,Tin lừa đảo đề cập số tài khoản STK — không liên quan đến công ty niêm yết STK
966a054e166d,2025-10-07,GMD,"Gemadept hoàn tất phát hành hơn 6,3 triệu cổ phiếu cho 101 nhân viên","Kết thúc đợt phát hành ngày 2/10/2025, Gemadept đã hoàn tất phân phối hơn 6,3 triệu cổ phiếu cho 101 cán bộ, nhân viên có thành tích xuất sắc năm 2024 với giá 10.000 đồng/cổ phiếu.","Gemadept hoàn tất phát hành hơn 6,3 triệu cổ phiếu cho 101 nhân viên Kết thúc đợt phát hành ngày 2/10/2025, Gemadept đã hoàn tất phân phối hơn 6,3 triệu cổ phiếu cho 101 cán bộ, nhân viên có thành tích xuất sắc năm 2024 với giá 10.000 đồng/cổ phiếu.",https://cafef.vn/gemadept-hoan-tat-phat-hanh-hon-63-trieu-co-phieu-cho-101-nhan-vien-188251007141801465.chn,NEGATIVE,"ESOP phát hành 6,3 triệu cp giá 10.000đ cho nhân viên — pha loãng cổ phiếu"
a8814a3ba49b,2026-01-26,GHC,Thủy điện Gia Lai chốt giá ngày chào sàn HoSE,"Gần 47,7 triệu cổ phiếu GHC của CTCP Thủy điện Gia Lai sẽ chính thức giao dịch trên HoSE từ ngày 30/01 với giá tham chiếu 29.000 đồng/cổ phiếu.","Thủy điện Gia Lai chốt giá ngày chào sàn HoSE Gần 47,7 triệu cổ phiếu GHC của CTCP Thủy điện Gia Lai sẽ chính thức giao dịch trên HoSE từ ngày 30/01 với giá tham chiếu 29.000 đồng/cổ phiếu.",https://cafef.vn/thuy-dien-gia-lai-chot-gia-ngay-chao-san-hose-188260126015028307.chn,POSITIVE,"GHC chốt giá chào sàn HoSE 29.000đ, sắp giao dịch chính thức — sự kiện niêm yết tích cực"
84200e2e1ad5,2026-03-17,DGC,"Bắt dàn lãnh đạo Hóa chất Đức Giang: Nguồn thu trăm tỷ từ mỏ quặng lậu và hàng triệu tấn chất thải trái phép, công ty lãi cả nghìn tỷ mỗi năm từ 2020","Cơ quan Cảnh sát điều tra Bộ Công an vừa khởi tố Chủ tịch Tập đoàn Hóa chất Đức Giang cùng 13 quản lý cấp cao, làm rõ chuỗi hành vi khai thác khoáng sản trái phép, trốn thuế và xả thải sai quy định nhằm tối đa hóa lợi nhuận, mang về hàng trăm tỷ đồng ngoài sổ sách.","Bắt dàn lãnh đạo Hóa chất Đức Giang: Nguồn thu trăm tỷ từ mỏ quặng lậu và hàng triệu tấn chất thải trái phép, công ty lãi cả nghìn tỷ mỗi năm từ 2020 Cơ quan Cảnh sát điều tra Bộ Công an vừa khởi tố Chủ tịch Tập đoàn Hóa chất Đức Giang cùng 13 quản lý cấp cao, làm rõ chuỗi hành vi khai thác khoáng sản trái phép, trốn thuế và xả thải sai quy định nhằm tối đa hóa lợi nhuận, mang về hàng trăm tỷ đồng ngoài sổ sách.",https://cafef.vn/bat-dan-lanh-dao-hoa-chat-duc-giang-nguon-thu-tram-ty-tu-mo-quang-lau-va-hang-trieu-tan-chat-thai-trai-phep-cong-ty-lai-ca-nghin-ty-moi-nam-tu-2020-188260317145154338.chn,NEGATIVE,"Bắt 14 lãnh đạo DGC, khởi tố khai thác khoáng sản trái phép, trốn thuế — sự kiện cực kỳ tiêu cực"
7ca3650230e1,2025-04-03,TCB,"Techcombank đặt mục tiêu lợi nhuận 31.500 tỷ đồng trong năm 2025, muốn trở thành ngân hàng đầu tiên ứng dụng AI toàn diện ở Việt Nam","Kế hoạch lợi nhuận năm 2025 của Techcombank tăng 14,4% so với thực hiện năm 2024.","Techcombank đặt mục tiêu lợi nhuận 31.500 tỷ đồng trong năm 2025, muốn trở thành ngân hàng đầu tiên ứng dụng AI toàn diện ở Việt Nam Kế hoạch lợi nhuận năm 2025 của Techcombank tăng 14,4% so với thực hiện năm 2024.",https://cafef.vn/techcombank-dat-muc-tieu-loi-nhuan-31500-ty-dong-trong-nam-2025-muon-tro-thanh-ngan-hang-dau-tien-ung-dung-ai-toan-dien-o-viet-nam-188250403101827111.chn,POSITIVE,"Techcombank đặt mục tiêu lãi 31.500 tỷ (+14.4% YoY), muốn ứng dụng AI toàn diện — kế hoạch tham vọng"
0231befd5eb8,2026-04-29,STB,"SACOMBANK công bố kết quả kinh doanh Quý I/2026: Duy trì định hướng thận trọng, thực chất, từng bước nâng cao hiệu quả hoạt động","Trong bối cảnh thị trường tài chính - ngân hàng những tháng đầu năm 2026 tiếp tục đối mặt với nhiều thách thức, Ngân hàng TMCP Sài Gòn Thương Tín (SACOMBANK) ghi nhận lợi nhuận hợp nhất trước thuế Quý I đạt hơn 2.106 tỷ đồng, tương đương 26% kế hoạch năm. Mức thực hiện này phản ánh quan điểm điều hành thận trọng của Ngân hàng trong giai đoạn hiện nay, khi củng cố nền tảng và kiểm soát rủi ro trở thành ưu tiên hàng đầu.","SACOMBANK công bố kết quả kinh doanh Quý I/2026: Duy trì định hướng thận trọng, thực chất, từng bước nâng cao hiệu quả hoạt động Trong bối cảnh thị trường tài chính - ngân hàng những tháng đầu năm 2026 tiếp tục đối mặt với nhiều thách thức, Ngân hàng TMCP Sài Gòn Thương Tín (SACOMBANK) ghi nhận lợi nhuận hợp nhất trước thuế Quý I đạt hơn 2.106 tỷ đồng, tương đương 26% kế hoạch năm. Mức thực hiện này phản ánh quan điểm điều hành thận trọng của Ngân hàng trong giai đoạn hiện nay, khi củng cố nền tảng và kiểm soát rủi ro trở thành ưu tiên hàng đầu.",https://cafef.vn/sacombank-cong-bo-ket-qua-kinh-doanh-quy-i-2026-duy-tri-dinh-huong-than-trong-thuc-chat-tung-buoc-nang-cao-hieu-qua-hoat-dong-188260429113244305.chn,NEUTRAL,"STB Q1/2026 lãi 2.106 tỷ, đạt 26% kế hoạch — tiến độ bình thường, không đột biến"
a5d0be491170,2026-08-11,HCM,Người nội bộ HSC bán thành công 600.000 cổ phiếu HCM,Ông Lê Anh Quân- Người được ủy quyền công bố thông tin của HSC đã bán ra thành công 600.000 cổ phiếu HCM như đăng ký trước đó.,Người nội bộ HSC bán thành công 600.000 cổ phiếu HCM Ông Lê Anh Quân- Người được ủy quyền công bố thông tin của HSC đã bán ra thành công 600.000 cổ phiếu HCM như đăng ký trước đó.,https://cafef.vn/nguoi-noi-bo-hsc-ban-thanh-cong-600000-co-phieu-hcm-188260811152252508.chn,NEGATIVE,Người nội bộ HSC bán 600.000 cp HCM thành công — insider bán ra
4423048e8314,2025-09-24,TDH,Cổ phiếu Thuduc House (TDH) tăng kịch trần sau tin thắng kiện vụ án hoàn thuế 365 tỷ đồng,"Ngày 23/09/2025, Tòa án nhân dân tối cao tại TP.HCM đã xét xử phúc thẩm vụ án hành chính ""Khiếu kiện quyết định hành chính"" giữa CTCP Phát triển Nhà Thủ Đức và Chi cục Thuế Khu vực II (trước đây là Cục Thuế TP.HCM).","Cổ phiếu Thuduc House (TDH) tăng kịch trần sau tin thắng kiện vụ án hoàn thuế 365 tỷ đồng Ngày 23/09/2025, Tòa án nhân dân tối cao tại TP.HCM đã xét xử phúc thẩm vụ án hành chính ""Khiếu kiện quyết định hành chính"" giữa CTCP Phát triển Nhà Thủ Đức và Chi cục Thuế Khu vực II (trước đây là Cục Thuế TP.HCM).",https://cafef.vn/co-phieu-thuduc-house-tdh-tang-kich-tran-sau-tin-thang-kien-vu-an-hoan-thue-365-ty-dong-188250924153345382.chn,POSITIVE,"TDH thắng kiện hoàn thuế 365 tỷ, cổ phiếu tăng kịch trần — thu hồi tài sản, tín hiệu tích cực"
846f5d254c98,2025-09-22,VJC,Chủ tịch nước chứng kiến Vietjet nhận bàn giao tàu bay Boeing đầu tiên,"Vietjet chính thức nhận bàn giao tàu bay Boeing 737-8 đầu tiên trong đơn đặt hàng 200 chiếc trị giá 32 tỷ USD với Boeing, nhà sản xuất tàu bay hàng đầu thế giới.","Chủ tịch nước chứng kiến Vietjet nhận bàn giao tàu bay Boeing đầu tiên Vietjet chính thức nhận bàn giao tàu bay Boeing 737-8 đầu tiên trong đơn đặt hàng 200 chiếc trị giá 32 tỷ USD với Boeing, nhà sản xuất tàu bay hàng đầu thế giới.",https://cafef.vn/chu-tich-nuoc-chung-kien-vietjet-nhan-ban-giao-tau-bay-boeing-dau-tien-188250922151414326.chn,POSITIVE,Vietjet nhận 200 tàu bay Boeing 737-8 đầu tiên trị giá 32 tỷ USD — mở rộng đội bay lớn
2bac71a98d52,2025-10-31,HDG,"Khu đất vàng trong vụ án diễn viên Trương Ngọc Ánh bị bắt với cáo buộc chiếm đoạt 9,1 triệu USD có vị trí đắc địa ra sao?","Diễn viên, nhà sản xuất Trương Ngọc Ánh vừa bị Cơ quan Cảnh sát điều tra Công an TP.HCM bắt tạm giam để điều tra hành vi ""Lạm dụng tín nhiệm chiếm đoạt tài sản"", liên quan đến công ty bất động sản do chính bà sáng lập.","Khu đất vàng trong vụ án diễn viên Trương Ngọc Ánh bị bắt với cáo buộc chiếm đoạt 9,1 triệu USD có vị trí đắc địa ra sao? Diễn viên, nhà sản xuất Trương Ngọc Ánh vừa bị Cơ quan Cảnh sát điều tra Công an TP.HCM bắt tạm giam để điều tra hành vi ""Lạm dụng tín nhiệm chiếm đoạt tài sản"", liên quan đến công ty bất động sản do chính bà sáng lập.",https://cafef.vn/khu-dat-vang-trong-vu-an-dien-vien-truong-ngoc-anh-bi-bat-voi-cao-buoc-chiem-doat-91-trieu-usd-co-vi-tri-dac-dia-ra-sao-188251031215004852.chn,NEUTRAL,"Bài về vụ bắt Trương Ngọc Ánh liên quan BĐS, HDG không phải chủ thể bị điều tra"
82df0c84428d,2026-02-21,HPD,Nhiều doanh nghiệp 'lì xì' cổ đông,"TPO - Sau kỳ nghỉ Tết nguyên đán, nhiều doanh nghiệp sẽ chốt danh sách cổ đông để chi trả cổ tức. Mức cổ tức tiền mặt cao nhất lên tới 40%, thuộc về chủ thương hiệu Cao Sao Vàng - Công ty CP Dược phẩm Trung ương 3 (mã DP3).","Nhiều doanh nghiệp 'lì xì' cổ đông TPO - Sau kỳ nghỉ Tết nguyên đán, nhiều doanh nghiệp sẽ chốt danh sách cổ đông để chi trả cổ tức. Mức cổ tức tiền mặt cao nhất lên tới 40%, thuộc về chủ thương hiệu Cao Sao Vàng - Công ty CP Dược phẩm Trung ương 3 (mã DP3).",https://cafef.vn/nhieu-doanh-nghiep-li-xi-co-dong-188260221165948838.chn,NEUTRAL,"Bài tổng hợp nhiều DN chia cổ tức tiền mặt, HPD không phải nhân vật chính"
460b9df5d1fa,2026-05-26,VAB,Một ngân hàng chuẩn bị tăng vốn,VietABank bắt đầu triển khai kế hoạch tăng vốn điều lệ đợt 1 năm 2026 thông qua phát hành hơn 122 triệu cổ phiếu thưởng cho cổ đông hiện hữu.,Một ngân hàng chuẩn bị tăng vốn VietABank bắt đầu triển khai kế hoạch tăng vốn điều lệ đợt 1 năm 2026 thông qua phát hành hơn 122 triệu cổ phiếu thưởng cho cổ đông hiện hữu.,https://cafef.vn/mot-ngan-hang-chuan-bi-tang-von-18826052620425792.chn,NEUTRAL,"VAB phát hành 122 triệu cổ phiếu thưởng để tăng vốn — cổ phiếu thưởng, không tạo giá trị mới"
df587bf6bbb3,2026-01-11,VIP,"Dự án 250 tỉ đồng ""chết yểu"" ngay đường lên huyệt đạo thiêng","Do chậm tiến độ, ""chết yểu"" suốt nhiều năm nên tỉnh Thanh Hóa đã có quyết định thu hồi dự án có khách sạn 4 sao, nhà hàng ""VIP"" 250 tỉ đồng","Dự án 250 tỉ đồng ""chết yểu"" ngay đường lên huyệt đạo thiêng Do chậm tiến độ, ""chết yểu"" suốt nhiều năm nên tỉnh Thanh Hóa đã có quyết định thu hồi dự án có khách sạn 4 sao, nhà hàng ""VIP"" 250 tỉ đồng",https://cafef.vn/du-an-250-ti-dong-chet-yeu-ngay-duong-len-huyet-dao-thieng-188260111160059676.chn,NEUTRAL,"Dự án du lịch 250 tỷ bị thu hồi ở Thanh Hóa, VIP là tên dự án không phải ticker DN"
1af483d1931f,2025-12-16,DIC,Chủ tịch HĐQT DIC Corp và người thân bị bán giải chấp hơn 800.000 cổ phiếu DIG,"Ngày 15/12/2025, ông Nguyễn Hùng Cường- Chủ tịch HĐQT của DIC Corp và em gái đã bị giải chấp là tổng cộng 814.300 cổ phiếu DIG.","Chủ tịch HĐQT DIC Corp và người thân bị bán giải chấp hơn 800.000 cổ phiếu DIG Ngày 15/12/2025, ông Nguyễn Hùng Cường- Chủ tịch HĐQT của DIC Corp và em gái đã bị giải chấp là tổng cộng 814.300 cổ phiếu DIG.",https://cafef.vn/chu-tich-hdqt-dic-corp-va-nguoi-than-bi-ban-giai-chap-hon-800000-co-phieu-dig-188251216141032699.chn,NEGATIVE,Chủ tịch DIC Corp và em gái bị giải chấp 814.300 cổ phiếu DIG — lãnh đạo bị bán giải chấp
0885f2a53d82,2025-12-31,KBC,"CTCK ước tính KQKD quý 4/2025 của 63 cái tên ""hot"": SSI, VPB, KBC, MWG, PLX, POW lãi đột biến, một DN có thể tăng trưởng lợi nhuận gần 600%","Hàng loạt doanh nghiệp được dự báo có thể đạt mức tăng trưởng lợi nhuận quý 4 hàng chục phần trăm, thậm chí ""tăng bằng lần"" so với cùng kỳ năm trước.","CTCK ước tính KQKD quý 4/2025 của 63 cái tên ""hot"": SSI, VPB, KBC, MWG, PLX, POW lãi đột biến, một DN có thể tăng trưởng lợi nhuận gần 600% Hàng loạt doanh nghiệp được dự báo có thể đạt mức tăng trưởng lợi nhuận quý 4 hàng chục phần trăm, thậm chí ""tăng bằng lần"" so với cùng kỳ năm trước.",https://cafef.vn/ctck-uoc-tinh-kqkd-quy-4-2025-cua-63-cai-ten-hot-ssi-vpb-kbc-mwg-plx-pow-lai-dot-bien-mot-dn-co-the-tang-truong-loi-nhuan-gan-600-188251231000644322.chn,POSITIVE,"KBC: 9 NĐT bỏ 4.100 tỷ mua cổ phiếu riêng lẻ — giá phát hành được tổ chức lớn chấp nhận, tăng vốn thực"
bb8147340f50,2026-06-01,BAB,Một ngân hàng được NHNN chấp thuận tăng vốn thêm 804 tỷ đồng,"Ngân hàng sẽ phát hành cổ phiếu để trả cổ tức với tỷ lệ 7,5%/năm để tăng vốn điều lệ.","Một ngân hàng được NHNN chấp thuận tăng vốn thêm 804 tỷ đồng Ngân hàng sẽ phát hành cổ phiếu để trả cổ tức với tỷ lệ 7,5%/năm để tăng vốn điều lệ.",https://cafef.vn/mot-ngan-hang-duoc-nhnn-chap-thuan-tang-von-them-804-ty-dong-188260601103540197.chn,NEUTRAL,BAB tăng vốn qua phát hành cổ phiếu thưởng (cổ tức cổ phiếu 7.5%) — không tạo giá trị mới
29ceaebaab2f,2025-10-31,POW,"""Đại gia"" Nhà nước bắt tay Vingroup phát triển hệ thống trạm sạc xe điện báo lãi quý 3/2025 vượt 1.000 tỷ, cao nhất 4 năm","Lũy kế 9 tháng đầu năm, doanh thu đạt 25.404 tỷ đồng, tăng 17% so với cùng kỳ, lợi nhuận trước thuế đạt 2.332 tỷ đồng, tăng 84% so với cùng kỳ, trong đó lãi ròng 9 tháng tăng 74% lên 1.857 tỷ.","""Đại gia"" Nhà nước bắt tay Vingroup phát triển hệ thống trạm sạc xe điện báo lãi quý 3/2025 vượt 1.000 tỷ, cao nhất 4 năm Lũy kế 9 tháng đầu năm, doanh thu đạt 25.404 tỷ đồng, tăng 17% so với cùng kỳ, lợi nhuận trước thuế đạt 2.332 tỷ đồng, tăng 84% so với cùng kỳ, trong đó lãi ròng 9 tháng tăng 74% lên 1.857 tỷ.",https://cafef.vn/dai-gia-nha-nuoc-bat-tay-vingroup-phat-trien-he-thong-tram-sac-xe-dien-bao-lai-quy-3-2025-vuot-1000-ty-cao-nhat-4-nam-18825103111365005.chn,POSITIVE,"POW: lãi Q3 cao nhất 4 năm, 9T tăng 84% YoY, hợp tác Vingroup phát triển trạm sạc — KQKD xuất sắc"
d4d1b7b44bc1,2025-10-16,MSN,"SK thoái hết vốn khỏi Masan, cổ phiếu tăng đột biến: Điều gì sẽ xảy ra?","Giá chào bán trong khoảng 78.000–79.300 đồng/cp tương ứng mức chiết khấu 3,9–5,5% so với giá đóng cửa 82.500 đồng của phiên trước được đánh giá là mức chiết khấu thấp cho một giao dịch lớn.","SK thoái hết vốn khỏi Masan, cổ phiếu tăng đột biến: Điều gì sẽ xảy ra? Giá chào bán trong khoảng 78.000–79.300 đồng/cp tương ứng mức chiết khấu 3,9–5,5% so với giá đóng cửa 82.500 đồng của phiên trước được đánh giá là mức chiết khấu thấp cho một giao dịch lớn.",https://cafef.vn/sk-thoai-het-von-khoi-masan-co-phieu-tang-dot-bien-dieu-gi-se-xay-ra-188251016145621828.chn,NEUTRAL,"SK thoái vốn MSN với chiết khấu thấp 3.9-5.5%, giá cao — tín hiệu mơ hồ, thị trường chưa phản ứng rõ"
fd17a042a869,2026-07-29,FPT,"Doanh thu FPT Retail đạt 30.743 tỷ đồng trong nửa đầu năm 2026, nhà thuốc Long Châu dẫn dắt đà tăng trưởng","Tính đến hết tháng 6/2026, hệ thống Long Châu sở hữu 2.639 nhà thuốc và 236 trung tâm tiêm chủng.","Doanh thu FPT Retail đạt 30.743 tỷ đồng trong nửa đầu năm 2026, nhà thuốc Long Châu dẫn dắt đà tăng trưởng Tính đến hết tháng 6/2026, hệ thống Long Châu sở hữu 2.639 nhà thuốc và 236 trung tâm tiêm chủng.",https://cafef.vn/doanh-thu-fpt-retail-dat-30743-ty-dong-trong-nua-dau-nam-2026-nha-thuoc-long-chau-dan-dat-da-tang-truong-188260729174415306.chn,POSITIVE,"FPT Retail doanh thu 30.743 tỷ H1/2026, Long Châu dẫn dắt tăng trưởng — doanh thu tích cực"
201e2d65a659,2025-09-23,VEF,10.500 tỷ cổ tức đổ về cho Vingroup,"Vào tháng 7/2025, VEFAC đã hoàn tất chi trả cổ tức với tổng tỷ lệ 435%. Công ty đang tiếp tục lấy ý kiến cổ đông về việc tạm ứng cổ tức đợt hai với tỷ lệ 330%.","10.500 tỷ cổ tức đổ về cho Vingroup Vào tháng 7/2025, VEFAC đã hoàn tất chi trả cổ tức với tổng tỷ lệ 435%. Công ty đang tiếp tục lấy ý kiến cổ đông về việc tạm ứng cổ tức đợt hai với tỷ lệ 330%.",https://cafef.vn/sieu-mo-tien-bom-10500-ty-cho-vingroup-188250923233631616.chn,POSITIVE,"VEFAC đã trả cổ tức 435%, đang lấy ý kiến trả thêm 330% — cổ tức tiền mặt rất cao"
e82b352922c5,2026-06-14,VNG,Một công ty AI cùng hệ sinh thái với Zalo vừa nhận giấy chứng nhận Công nghệ cao đầu tiên của TP.HCM,"Sở Khoa học và Công nghệ TP.HCM vừa cấp Giấy chứng nhận Doanh nghiệp Công nghệ cao số 01/DNCNC cho GreenNode, đơn vị cung cấp hạ tầng AI Cloud thuộc hệ sinh thái VNG Group.","Một công ty AI cùng hệ sinh thái với Zalo vừa nhận giấy chứng nhận Công nghệ cao đầu tiên của TP.HCM Sở Khoa học và Công nghệ TP.HCM vừa cấp Giấy chứng nhận Doanh nghiệp Công nghệ cao số 01/DNCNC cho GreenNode, đơn vị cung cấp hạ tầng AI Cloud thuộc hệ sinh thái VNG Group.",https://cafef.vn/mot-cong-ty-ai-cung-he-sinh-thai-voi-zalo-vua-nhan-giay-chung-nhan-cong-nghe-cao-dau-tien-cua-tphcm-188260614144758114.chn,POSITIVE,GreenNode (hệ sinh thái VNG) nhận Giấy chứng nhận DN Công nghệ cao đầu tiên TP.HCM — công nhận chính thức
7417c4db0c51,2026-07-13,PNJ,"Cổ phiếu PNJ ""thủng"" đáy, xuống thấp nhất 15 tháng","Bất chấp lực cầu ""bắt đáy"" xuất hiện trong những phiên gần đây, PNJ vẫn chưa tìm được điểm cân bằng.","Cổ phiếu PNJ ""thủng"" đáy, xuống thấp nhất 15 tháng Bất chấp lực cầu ""bắt đáy"" xuất hiện trong những phiên gần đây, PNJ vẫn chưa tìm được điểm cân bằng.",https://cafef.vn/co-phieu-pnj-thung-day-xuong-thap-nhat-15-thang-188260713114808424.chn,NEGATIVE,"PNJ thủng đáy, xuống thấp nhất 15 tháng — giá cổ phiếu sụt giảm mạnh kéo dài"
1f00a7cd8bf0,2025-08-23,GDA,"Lịch chốt quyền cổ tức 25/8-29/8: Cổ tức tiền mặt cao nhất 45%, một ""đại gia"" dự chi gần 5.000 tỷ đồng trả cổ tức","Có 16 doanh nghiệp trả cổ tức bằng tiền mặt, mức cao nhất là 45% và thấp nhất là 3%.","Lịch chốt quyền cổ tức 25/8-29/8: Cổ tức tiền mặt cao nhất 45%, một ""đại gia"" dự chi gần 5.000 tỷ đồng trả cổ tức Có 16 doanh nghiệp trả cổ tức bằng tiền mặt, mức cao nhất là 45% và thấp nhất là 3%.",https://cafef.vn/lich-chot-quyen-co-tuc-25-8-29-8-co-tuc-tien-mat-cao-nhat-45-mot-dai-gia-du-chi-gan-5000-ty-dong-tra-co-tuc-188250823224238399.chn,NEUTRAL,"Bản tin nhiều DN chia cổ tức, GDA không phải nhân vật chính duy nhất"
b3e34bf041db,2026-06-10,IPA,IPA bị phạt do vi phạm công bố thông tin về trái phiếu,IPA bị phạt 65 triệu đồng liên quan đến một số thiếu sót kỹ thuật trong nội dung công bố thông tin về trái phiếu.,IPA bị phạt do vi phạm công bố thông tin về trái phiếu IPA bị phạt 65 triệu đồng liên quan đến một số thiếu sót kỹ thuật trong nội dung công bố thông tin về trái phiếu.,https://cafef.vn/ipa-bi-phat-do-vi-pham-cong-bo-thong-tin-ve-trai-phieu-188260610171714139.chn,NEGATIVE,IPA bị phạt vi phạm công bố thông tin trái phiếu — dù nhỏ vẫn là tín hiệu tiêu cực
950c6fd50e8e,2026-07-31,ACV,Siêu dự án sân bay 16 tỷ USD lớn nhất Việt Nam dự kiến vận hành thử nghiệm trong 3 tháng trước khi khai thác thương mại,"ACV dự kiến triển khai vận hành thử nghiệm sân bay Long Thành từ tháng 9-11, trước khi chuyển sang khai thác thương mại.","Siêu dự án sân bay 16 tỷ USD lớn nhất Việt Nam dự kiến vận hành thử nghiệm trong 3 tháng trước khi khai thác thương mại ACV dự kiến triển khai vận hành thử nghiệm sân bay Long Thành từ tháng 9-11, trước khi chuyển sang khai thác thương mại.",https://cafef.vn/sieu-du-an-san-bay-16-ty-usd-lon-nhat-viet-nam-du-kien-van-hanh-thu-nghiem-trong-3-thang-truoc-khi-khai-thac-thuong-mai-188260731140744094.chn,POSITIVE,"Long Thành dự kiến vận hành thử nghiệm tháng 9-11, ACV là chủ đầu tư — tiến độ tích cực"
10ff1ab172f7,2025-07-10,HDG,Trả hồ sơ vụ cựu cán bộ TAND Tối cao bị cáo buộc chiếm đoạt hàng chục tỷ đồng,"Bị cáo Lê Nam, là cựu cán bộ Tòa án nhân dân tối cao, bị cáo buộc chiếm đoạt tổng số tiền 20 tỷ đồng và hai thửa đất, để lo cho nữ doanh nhân thắng kiện.","Trả hồ sơ vụ cựu cán bộ TAND Tối cao bị cáo buộc chiếm đoạt hàng chục tỷ đồng Bị cáo Lê Nam, là cựu cán bộ Tòa án nhân dân tối cao, bị cáo buộc chiếm đoạt tổng số tiền 20 tỷ đồng và hai thửa đất, để lo cho nữ doanh nhân thắng kiện.",https://cafef.vn/tra-ho-so-vu-cuu-can-bo-tand-toi-cao-bi-cao-buoc-chiem-doat-hang-chuc-ty-dong-188250710104215813.chn,NEUTRAL,Vụ cựu cán bộ TAND chiếm đoạt tiền — HDG không phải đương sự
e369eb224bf3,2025-07-06,VND,"Góc nhìn chuyên gia: Cần tính tới khả năng điều chỉnh của VN-Index, ""gom"" một số nhóm ngành dự báo KQKD quý 2 tăng mạnh","Chuyên gia VNDirect khuyến nghị nhà đầu tư có thể tranh thủ các phiên rung lắc, điều chỉnh để tái cơ cấu danh mục đầu tư, gia tăng tỷ trọng các nhóm ngành có triển vọng KQKD tích cực trong quý 2.","Góc nhìn chuyên gia: Cần tính tới khả năng điều chỉnh của VN-Index, ""gom"" một số nhóm ngành dự báo KQKD quý 2 tăng mạnh Chuyên gia VNDirect khuyến nghị nhà đầu tư có thể tranh thủ các phiên rung lắc, điều chỉnh để tái cơ cấu danh mục đầu tư, gia tăng tỷ trọng các nhóm ngành có triển vọng KQKD tích cực trong quý 2.",https://cafef.vn/goc-nhin-chuyen-gia-can-tinh-toi-kha-nang-dieu-chinh-cua-vn-index-gom-mot-so-nhom-nganh-du-bao-kqkd-quy-2-tang-manh-188250706125121422.chn,NEUTRAL,"Chuyên gia VNDirect khuyến nghị thị trường chung, không gắn cụ thể với ticker VND"
5c38fc8f461c,2026-02-09,VCB,Lãi suất ngân hàng Vietcombank mới nhất tháng 2/2026: Kỳ hạn nào có lãi suất cao nhất?,"Hiện, mức lãi suất cao nhất tại Vietcombank được áp dụng cho tiền gửi kỳ hạn dài từ 24 tháng trở lên.","Lãi suất ngân hàng Vietcombank mới nhất tháng 2/2026: Kỳ hạn nào có lãi suất cao nhất? Hiện, mức lãi suất cao nhất tại Vietcombank được áp dụng cho tiền gửi kỳ hạn dài từ 24 tháng trở lên.",https://cafef.vn/lai-suat-ngan-hang-vietcombank-moi-nhat-thang-2-2026-ky-han-nao-co-lai-suat-cao-nhat-188260209135921901.chn,NEUTRAL,"Bảng lãi suất tiết kiệm Vietcombank tháng 2/2026 — thông tin thị trường, không phải KQKD"
cb340f3a3d9e,2025-11-11,VPS,Thành viên HĐQT VPS đăng ký mua 1 triệu cổ phiếu trong đợt IPO,"VPS chấp thuận cho Thành viên HĐQT Nguyễn Thị Thu Hồng được mua 1 triệu cổ phiếu trong đợt IPO của công ty, giá chào bán là 60.000 đồng/cổ phiếu.","Thành viên HĐQT VPS đăng ký mua 1 triệu cổ phiếu trong đợt IPO VPS chấp thuận cho Thành viên HĐQT Nguyễn Thị Thu Hồng được mua 1 triệu cổ phiếu trong đợt IPO của công ty, giá chào bán là 60.000 đồng/cổ phiếu.",https://cafef.vn/thanh-vien-hdqt-vps-dang-ky-mua-1-trieu-co-phieu-trong-dot-ipo-188251111144415588.chn,POSITIVE,Thành viên HĐQT VPS đăng ký mua 1 triệu cp trong IPO — insider mua vào
fa37afefe13d,2025-06-25,KBC,"Lộ diện 9 nhà đầu tư bỏ ra hơn 4.100 tỷ đồng mua cổ phiếu riêng lẻ của Kinh Bắc (KBC), VPBankS mua ""nhiệt tình"" nhất","Vốn điều lệ cũng tăng từ hơn 7.676 tỷ lên gần 9.418 tỷ đồng, tương đương gần 941,8 triệu cổ phiếu lưu hành.","Lộ diện 9 nhà đầu tư bỏ ra hơn 4.100 tỷ đồng mua cổ phiếu riêng lẻ của Kinh Bắc (KBC), VPBankS mua ""nhiệt tình"" nhất Vốn điều lệ cũng tăng từ hơn 7.676 tỷ lên gần 9.418 tỷ đồng, tương đương gần 941,8 triệu cổ phiếu lưu hành.",https://cafef.vn/lo-dien-9-nha-dau-tu-bo-ra-hon-4100-ty-dong-mua-co-phieu-rieng-le-cua-kinh-bac-kbc-vpbanks-mua-nhiet-tinh-nhat-188250625153513271.chn,POSITIVE,9 NĐT bỏ 4.100 tỷ mua cổ phiếu riêng lẻ KBC — đợt phát hành được tổ chức lớn chấp thuận
96a3da229a6a,2025-08-31,TFC,A&B Shopping Mall tái định vị hướng tới TTTM giàu bản sắc tại Khánh Hòa,"Trong bối cảnh thị trường bán lẻ chứng kiến sự bùng nổ của mô hình thương mại hiện đại, tiêu dùng du lịch tăng cao, Khánh Hòa đặt mục tiêu phát triển dịch vụ, thương mại chất lượng cao. Trong xu thế đó, A&B Shopping Mall như một điểm sáng với chiến lược tái định vị và xây dựng trải nghiệm phù hợp với nhu cầu mới của thị trường.","A&B Shopping Mall tái định vị hướng tới TTTM giàu bản sắc tại Khánh Hòa Trong bối cảnh thị trường bán lẻ chứng kiến sự bùng nổ của mô hình thương mại hiện đại, tiêu dùng du lịch tăng cao, Khánh Hòa đặt mục tiêu phát triển dịch vụ, thương mại chất lượng cao. Trong xu thế đó, A&B Shopping Mall như một điểm sáng với chiến lược tái định vị và xây dựng trải nghiệm phù hợp với nhu cầu mới của thị trường.",https://cafef.vn/ab-shopping-mall-tai-dinh-vi-huong-toi-tttm-giau-ban-sac-tai-khanh-hoa-188250831205110464.chn,NEUTRAL,"Bài tổng hợp nhiều DN chia cổ tức, TFC không phải nhân vật chính duy nhất"
f97b5f1c967b,2026-01-04,CTG,"Từ ngày mai, VietinBank sẽ ""đóng băng"" giao dịch thẻ với trường hợp sau","Nhóm khách hàng này sẽ bị tạm gián đoạn toàn bộ giao dịch thẻ từ ngày mai, 5/1/2026.","Từ ngày mai, VietinBank sẽ ""đóng băng"" giao dịch thẻ với trường hợp sau Nhóm khách hàng này sẽ bị tạm gián đoạn toàn bộ giao dịch thẻ từ ngày mai, 5/1/2026.",https://cafef.vn/tu-ngay-mai-vietinbank-se-dong-bang-giao-dich-the-voi-truong-hop-sau-188260104191808477.chn,NEUTRAL,"A&B Shopping Mall tái định vị — PR chiến lược thương hiệu, chưa có số liệu tài chính cụ thể"
7e4f80042034,2026-06-02,NVL,Novaland chốt ngày phát hành hơn 167 triệu cổ phiếu thưởng cho cổ đông,"Ngày 11/6/2026 tới đây, Novaland sẽ chốt danh sách cổ đông để phát hành gần 167,6 triệu cổ phiếu thưởng nhằm mục đích tăng vốn điều lệ lên mức gần 24.021 tỷ đồng.","Novaland chốt ngày phát hành hơn 167 triệu cổ phiếu thưởng cho cổ đông Ngày 11/6/2026 tới đây, Novaland sẽ chốt danh sách cổ đông để phát hành gần 167,6 triệu cổ phiếu thưởng nhằm mục đích tăng vốn điều lệ lên mức gần 24.021 tỷ đồng.",https://cafef.vn/novaland-chot-ngay-phat-hanh-hon-167-trieu-co-phieu-thuong-cho-co-dong-188260602071319448.chn,NEUTRAL,Co phieu thuong (khong phai tien mat) - khong tao gia tri moi
d72f7a895710,2026-06-28,TTD,"Cổ phiếu bệnh viện chia thưởng 100%, nhà đầu tư lãi gần gấp đôi trong 1 tháng","Dù vừa bị điều chỉnh kỹ thuật do chia thưởng cổ phiếu tỷ lệ 1:1, thị giá TTD đã nhanh chóng bật tăng mạnh chỉ sau vài phiên giao dịch.","Cổ phiếu bệnh viện chia thưởng 100%, nhà đầu tư lãi gần gấp đôi trong 1 tháng Dù vừa bị điều chỉnh kỹ thuật do chia thưởng cổ phiếu tỷ lệ 1:1, thị giá TTD đã nhanh chóng bật tăng mạnh chỉ sau vài phiên giao dịch.",https://cafef.vn/co-phieu-benh-vien-chia-thuong-100-nha-dau-tu-lai-gan-gap-doi-trong-1-thang-188260628233152124.chn,NEUTRAL,"Co phieu thuong 100%, khong tao gia tri moi - chia thuong de dieu chinh menh gia"
aebae3f33ea6,2025-07-09,OCB,Lịch sự kiện và tin vắn chứng khoán ngày 10/7/2025,Tổng hợp toàn bộ tin vắn nổi bật liên quan đến doanh nghiệp niêm yết trên sàn chứng khoán.,Lịch sự kiện và tin vắn chứng khoán ngày 10/7/2025 Tổng hợp toàn bộ tin vắn nổi bật liên quan đến doanh nghiệp niêm yết trên sàn chứng khoán.,https://cafef.vn/lich-su-kien-va-tin-van-chung-khoan-ngay-10-7-2025-188250709233044094.chn,NEUTRAL,"Ban tin tong hop su kien, OCB khong phai nhan vat chinh"
b7cc975639fc,2026-07-19,ABB,Đà Nẵng: 21 cây cầu 'nằm chờ' đường dẫn,"Những cây cầu mở ra không gian phát triển mới cho đô thị, kết nối vùng và thúc đẩy giao thương. Thế nhưng, khi cầu hoàn thành mà đường dẫn vẫn bị ""treo"", hiệu quả đầu tư công bị suy giảm, nguồn lực xã hội bị lãng phí và người dân tiếp tục phải chờ đợi.","Đà Nẵng: 21 cây cầu 'nằm chờ' đường dẫn Những cây cầu mở ra không gian phát triển mới cho đô thị, kết nối vùng và thúc đẩy giao thương. Thế nhưng, khi cầu hoàn thành mà đường dẫn vẫn bị ""treo"", hiệu quả đầu tư công bị suy giảm, nguồn lực xã hội bị lãng phí và người dân tiếp tục phải chờ đợi.",https://cafef.vn/da-nang-21-cay-cau-nam-cho-duong-dan-18826071909360705.chn,NEUTRAL,"Bai ve cau Da Nang, ABB khong lien quan den noi dung bai"
1edca8c9db36,2026-01-08,TFC,Vụ hơn 120 tấn thịt tả heo châu Phi tuồn vào nhà máy: Triệu tập lãnh đạo Công ty CP đồ hộp Hạ Long,"Công an TP Hải Phòng tiến hành triệu tập lãnh đạo Công ty CP đồ hộp Hạ Long và các phòng chức năng của doanh nghiệp này để điều tra, làm rõ trách nhiệm","Vụ hơn 120 tấn thịt tả heo châu Phi tuồn vào nhà máy: Triệu tập lãnh đạo Công ty CP đồ hộp Hạ Long Công an TP Hải Phòng tiến hành triệu tập lãnh đạo Công ty CP đồ hộp Hạ Long và các phòng chức năng của doanh nghiệp này để điều tra, làm rõ trách nhiệm",https://cafef.vn/vu-hon-120-tan-thit-ta-heo-chau-phi-tuon-vao-nha-may-trieu-tap-lanh-dao-cong-ty-cp-do-hop-ha-long-18826010813465704.chn,NEGATIVE,Triệu tập lãnh đạo Cty đồ hộp Hạ Long vì 120 tấn thịt lợn dịch tả châu Phi — rủi ro pháp lý nghiêm trọng; TFC gắn với khu vực Khánh Hòa nhưng bài về Hải Phòng
bfcff565caf0,2026-05-05,NVB,Ngân hàng NCB tham gia tài trợ vốn triển khai các dự án hạ tầng chiến lược quốc gia tại TP.HCM,"Việc NCB tham gia tài trợ và thu xếp vốn cho hai siêu dự án khởi công dịp kỷ niệm 51 năm Ngày Giải phóng miền Nam tại TP.HCM không chỉ cho thấy uy tín và tiềm lực của ngân hàng được củng cố mạnh mẽ, mà còn khẳng định trách nhiệm đồng hành của doanh nghiệp trong mọi lĩnh vực đối với sự phát triển của đất nước trong giai đoạn mới.","Ngân hàng NCB tham gia tài trợ vốn triển khai các dự án hạ tầng chiến lược quốc gia tại TP.HCM Việc NCB tham gia tài trợ và thu xếp vốn cho hai siêu dự án khởi công dịp kỷ niệm 51 năm Ngày Giải phóng miền Nam tại TP.HCM không chỉ cho thấy uy tín và tiềm lực của ngân hàng được củng cố mạnh mẽ, mà còn khẳng định trách nhiệm đồng hành của doanh nghiệp trong mọi lĩnh vực đối với sự phát triển của đất nước trong giai đoạn mới.",https://cafef.vn/ngan-hang-ncb-tham-gia-tai-tro-von-trien-khai-cac-du-an-ha-tang-chien-luoc-quoc-gia-tai-tphcm-188260505112325349.chn,POSITIVE,"NCB tài trợ 2 siêu dự án hạ tầng TP.HCM — hoạt động cho vay lớn, tăng uy tín và tín dụng"
d8f4715725ec,2025-07-26,CDN,"Lợi nhuận doanh nghiệp cảng biển: Kẻ thắng lớn, người ngậm ngùi","Nửa đầu năm nay, nhờ việc hàng hóa qua cảng biển và đường thủy nội địa tăng vọt, nên kết quả kinh doanh của nhiều ""ông lớn"" ngành cảng biển ghi nhận những chỉ số tích cực. Dẫu vậy, vẫn còn không ít cảng biển hụt hơi, doanh số sụt giảm.","Lợi nhuận doanh nghiệp cảng biển: Kẻ thắng lớn, người ngậm ngùi Nửa đầu năm nay, nhờ việc hàng hóa qua cảng biển và đường thủy nội địa tăng vọt, nên kết quả kinh doanh của nhiều ""ông lớn"" ngành cảng biển ghi nhận những chỉ số tích cực. Dẫu vậy, vẫn còn không ít cảng biển hụt hơi, doanh số sụt giảm.",https://cafef.vn/loi-nhuan-doanh-nghiep-cang-bien-ke-thang-lon-nguoi-ngam-ngui-188250726135411184.chn,NEUTRAL,"Bài tổng hợp lợi nhuận ngành cảng biển nửa đầu năm, CDN không phải nhân vật chính"
6b88d72ae865,2026-08-02,PGD,Một ngân hàng chấm dứt hoạt động 10 Phòng giao dịch,"Các chi nhánh tiếp quản sẽ chịu trách nhiệm tiếp nhận, quản lý toàn bộ số liệu, kế hoạch kinh doanh, tài sản, hồ sơ tài liệu và nhân sự từ các PGD giải thể; đồng thời xây dựng phương án chi tiết để quản lý và chăm sóc tệp khách hàng hiện hữu nhằm đảm bảo quyền lợi tối đa cho khách hàng giao dịch.","Một ngân hàng chấm dứt hoạt động 10 Phòng giao dịch Các chi nhánh tiếp quản sẽ chịu trách nhiệm tiếp nhận, quản lý toàn bộ số liệu, kế hoạch kinh doanh, tài sản, hồ sơ tài liệu và nhân sự từ các PGD giải thể; đồng thời xây dựng phương án chi tiết để quản lý và chăm sóc tệp khách hàng hiện hữu nhằm đảm bảo quyền lợi tối đa cho khách hàng giao dịch.",https://cafef.vn/mot-ngan-hang-cham-dut-hoat-dong-10-phong-giao-dich-188260802175101372.chn,NEGATIVE,"NH chấm dứt 10 Phòng giao dịch — thu hẹp mạng lưới, tín hiệu tái cơ cấu hay tiết kiệm chi phí buộc phải làm"
a0294e2eeaf7,2026-06-26,MBS,"MBS dự báo lợi nhuận quý 2 của 13 ngân hàng: Hai nhà băng cùng tăng trưởng trên 45%, VietinBank lãi hơn 11.000 tỷ đồng","Tổng hợp, lợi nhuận sau thuế quý 2/2026 của các ngân hàng MBS Research theo dõi được kỳ vọng tăng khoảng 15% so với cùng kỳ.","MBS dự báo lợi nhuận quý 2 của 13 ngân hàng: Hai nhà băng cùng tăng trưởng trên 45%, VietinBank lãi hơn 11.000 tỷ đồng Tổng hợp, lợi nhuận sau thuế quý 2/2026 của các ngân hàng MBS Research theo dõi được kỳ vọng tăng khoảng 15% so với cùng kỳ.",https://cafef.vn/mbs-du-bao-loi-nhuan-quy-2-cua-13-ngan-hang-hai-nha-bang-cung-tang-truong-tren-45-vietinbank-lai-hon-11000-ty-dong-188260626142224499.chn,POSITIVE,"MBS dự báo lãi NH toàn ngành tăng 15% Q2, hai NH tăng >45% — tin tốt cho ngành, MBS là nhà phân tích"
b7a7144cffc6,2025-11-14,VNM,"Phiên 14/11: Khối ngoại vẫn bán ròng gần 700 tỷ đồng, tâm điểm ""xả"" mạnh một cổ phiếu ngân hàng","Chiều mua, cổ phiếu VNM được khối ngoại ""gom"" mạnh nhất toàn thị trường với giá trị lên tới 309 tỷ đồng.","Phiên 14/11: Khối ngoại vẫn bán ròng gần 700 tỷ đồng, tâm điểm ""xả"" mạnh một cổ phiếu ngân hàng Chiều mua, cổ phiếu VNM được khối ngoại ""gom"" mạnh nhất toàn thị trường với giá trị lên tới 309 tỷ đồng.",https://cafef.vn/phien-14-11-khoi-ngoai-van-ban-rong-gan-700-ty-dong-tam-diem-xa-manh-mot-co-phieu-ngan-hang-188251114155346701.chn,POSITIVE,"Khối ngoại gom mạnh VNM, mua ròng mạnh nhất thị trường — dòng tiền ngoại tích cực"
4905fd5d244a,2025-08-07,HAG,"Vừa ""thở phào"" nhờ xóa lỗ lũy kế, Hoàng Anh Gia Lai của bầu Đức bất ngờ bị ""tuýt còi""","Hoàng Anh Gia Lai bị xử phạt 92,5 triệu đồng do không công bố đối với thông tin phải công bố theo quy định pháp luật.","Vừa ""thở phào"" nhờ xóa lỗ lũy kế, Hoàng Anh Gia Lai của bầu Đức bất ngờ bị ""tuýt còi"" Hoàng Anh Gia Lai bị xử phạt 92,5 triệu đồng do không công bố đối với thông tin phải công bố theo quy định pháp luật.",https://cafef.vn/vua-tho-phao-nho-xoa-lo-luy-ke-hoang-anh-gia-lai-cua-bau-duc-bat-ngo-bi-tuyt-coi-188250807103925183.chn,NEGATIVE,"HAG bị phạt 92.5 triệu vì vi phạm công bố thông tin — dù nhỏ, là tín hiệu quản trị yếu"
193e8b594a15,2025-12-08,FPT,"Ông Trương Gia Bình bất ngờ treo thưởng ""nóng"" tới 100 triệu để nhân viên cưới và sinh con trong 1 năm tới","Chủ tịch HĐQT FPT Trương Gia Bình chia sẻ, FPT và Vietnam Airlines đã có quan hệ hợp tác  từ những năm 1990, rất gắn bó và rất tình cảm. Với mối thâm tình ấy, FPT rất muốn hai nhà “liên hôn”.","Ông Trương Gia Bình bất ngờ treo thưởng ""nóng"" tới 100 triệu để nhân viên cưới và sinh con trong 1 năm tới Chủ tịch HĐQT FPT Trương Gia Bình chia sẻ, FPT và Vietnam Airlines đã có quan hệ hợp tác từ những năm 1990, rất gắn bó và rất tình cảm. Với mối thâm tình ấy, FPT rất muốn hai nhà “liên hôn”.",https://cafef.vn/ong-truong-gia-binh-bat-ngo-treo-thuong-nong-toi-100-trieu-de-nhan-vien-cuoi-va-sinh-con-trong-1-nam-toi-188251208104614888.chn,NEUTRAL,"Chủ tịch FPT treo thưởng khuyến khích kết hôn/sinh con — tin nội bộ về phúc lợi, không tác động tài chính"
34b076e4462c,2025-08-06,DGC,Hóa chất Đức Giang đặt mục tiêu lãi 880 tỷ đồng trong quý III/2025,"Hóa chất Đức Giang đặt kế hoạch tổng doanh thu quý III/2025 dự kiến 2.907 tỷ đồng; lợi nhuận sau thuế dự kiến 880 tỷ đồng, tăng 19,2% so với cùng kỳ năm ngoái.","Hóa chất Đức Giang đặt mục tiêu lãi 880 tỷ đồng trong quý III/2025 Hóa chất Đức Giang đặt kế hoạch tổng doanh thu quý III/2025 dự kiến 2.907 tỷ đồng; lợi nhuận sau thuế dự kiến 880 tỷ đồng, tăng 19,2% so với cùng kỳ năm ngoái.",https://cafef.vn/hoa-chat-duc-giang-dat-muc-tieu-lai-880-ty-dong-trong-quy-iii-2025-188250806155615065.chn,POSITIVE,"DGC đặt mục tiêu lãi 880 tỷ Q3, tăng 19.2% YoY — kế hoạch tăng trưởng rõ ràng"
fe5b73f7e1cc,2026-01-09,VCP,Cách doanh nghiệp 'bỏ túi' nghìn tỷ,"Tập đoàn Trường Hải, Công ty CP Thương mại và Dịch vụ Quốc tế THISO, Bất động sản Phát Đạt, Công ty CP Xây dựng và Năng lượng VCP đã thu về hàng trăm đến hàng ngàn tỷ đồng từ việc phát hành trái phiếu.","Cách doanh nghiệp 'bỏ túi' nghìn tỷ Tập đoàn Trường Hải, Công ty CP Thương mại và Dịch vụ Quốc tế THISO, Bất động sản Phát Đạt, Công ty CP Xây dựng và Năng lượng VCP đã thu về hàng trăm đến hàng ngàn tỷ đồng từ việc phát hành trái phiếu.",https://cafef.vn/cach-doanh-nghiep-bo-tui-nghin-ty-188260109090133661.chn,NEUTRAL,"Bài về nhiều DN phát hành trái phiếu, VCP là 1 trong số đó — không phải nhân vật chính"
5acb56bc6400,2026-03-30,VCI,"Chủ tịch Vietcap Nguyễn Thanh Phượng chốt kế hoạch lợi nhuận kỷ lục 2.300 tỷ, 'tiến quân' sang Singapore","Chiều 30/3, CTCP Chứng khoán Vietcap (VCI) đã tổ chức thành công Đại hội đồng cổ đông thường niên năm 2026 nhằm thông qua các mục tiêu kinh doanh và kiện toàn bộ máy nhân sự nhiệm kỳ mới.","Chủ tịch Vietcap Nguyễn Thanh Phượng chốt kế hoạch lợi nhuận kỷ lục 2.300 tỷ, 'tiến quân' sang Singapore Chiều 30/3, CTCP Chứng khoán Vietcap (VCI) đã tổ chức thành công Đại hội đồng cổ đông thường niên năm 2026 nhằm thông qua các mục tiêu kinh doanh và kiện toàn bộ máy nhân sự nhiệm kỳ mới.",https://cafef.vn/chu-tich-vietcap-nguyen-thanh-phuong-chot-ke-hoach-loi-nhuan-ky-luc-2300-ty-tien-quan-sang-singapore-188260330214531185.chn,POSITIVE,VCI kế hoạch lãi kỷ lục 2.300 tỷ và mở rộng sang Singapore — tham vọng tăng trưởng rõ ràng
50c6023c1c2f,2025-10-27,DSC,Thành viên HĐQT và cổ đông lớn không muốn tham gia đợt chào bán cổ phiếu của DSC,"Sau 2 cổ đông lớn là Đầu tư NTP và Chủ tịch Nguyễn Đức Anh, tới lượt Thành viên HĐQT Nguyễn Thị Thu Hà đăng ký chuyển nhượng quyền mua cổ phiếu của DSC.","Thành viên HĐQT và cổ đông lớn không muốn tham gia đợt chào bán cổ phiếu của DSC Sau 2 cổ đông lớn là Đầu tư NTP và Chủ tịch Nguyễn Đức Anh, tới lượt Thành viên HĐQT Nguyễn Thị Thu Hà đăng ký chuyển nhượng quyền mua cổ phiếu của DSC.",https://cafef.vn/thanh-vien-hdqt-va-co-dong-lon-khong-muon-tham-gia-dot-chao-ban-co-phieu-cua-dsc-188251027140208672.chn,NEGATIVE,Cổ đông lớn và HĐQT từ chối mua cổ phiếu phát hành mới của DSC — insiders không muốn đầu tư thêm
ac3ca720f514,2026-04-02,NVB,"Cập nhật Đại hội cổ đông NCB 2026: Chủ tịch lý giải nguyên nhân được cấp room tín dụng lên tới 35%, cam kết bảo vệ quyền lợi của cổ đông","Tại Đại hội năm nay, NCB được cổ đông phê duyệt kế hoạch kinh doanh năm 2026 với tổng tài sản tăng 16% so với năm trước, huy động khách hàng tăng 20% và dư nợ cho vay khách hàng tăng mạnh 35%.","Cập nhật Đại hội cổ đông NCB 2026: Chủ tịch lý giải nguyên nhân được cấp room tín dụng lên tới 35%, cam kết bảo vệ quyền lợi của cổ đông Tại Đại hội năm nay, NCB được cổ đông phê duyệt kế hoạch kinh doanh năm 2026 với tổng tài sản tăng 16% so với năm trước, huy động khách hàng tăng 20% và dư nợ cho vay khách hàng tăng mạnh 35%.",https://cafef.vn/cap-nhat-dai-hoi-co-dong-ncb-2026-chu-tich-ly-giai-nguyen-nhan-duoc-cap-room-tin-dung-len-toi-35-cam-ket-bao-ve-quyen-loi-cua-co-dong-188260402082953973.chn,POSITIVE,"NCB được cấp room 35% tín dụng, kế hoạch tài sản tăng 16%, cho vay tăng 35% — tăng trưởng mạnh"
2c7a1c0e5f18,2026-03-31,RGG,Regal Group tiếp đón lãnh đạo cấp cao Tập đoàn Xây dựng Thái Bình Dương,"Sáng ngày 28/3, Regal Group đã có buổi tiếp đón và làm việc chính thức với đoàn lãnh đạo cấp cao của Tập đoàn Xây dựng Thái Bình Dương (China Pacific Construction Group). Cuộc gặp gỡ mở ra triển vọng hợp tác chiến lược, đặc biệt trong việc phát triển các dự án bất động sản chăm sóc sức khỏe hạng sang (Wellness Luxury).","Regal Group tiếp đón lãnh đạo cấp cao Tập đoàn Xây dựng Thái Bình Dương Sáng ngày 28/3, Regal Group đã có buổi tiếp đón và làm việc chính thức với đoàn lãnh đạo cấp cao của Tập đoàn Xây dựng Thái Bình Dương (China Pacific Construction Group). Cuộc gặp gỡ mở ra triển vọng hợp tác chiến lược, đặc biệt trong việc phát triển các dự án bất động sản chăm sóc sức khỏe hạng sang (Wellness Luxury).",https://cafef.vn/regal-group-tiep-don-lanh-dao-cap-cao-tap-doan-xay-dung-thai-binh-duong-188260331113822876.chn,NEUTRAL,"Regal Group gặp lãnh đạo tập đoàn Trung Quốc — cuộc gặp ban đầu, không có cam kết cụ thể"
814f6d93b03b,2025-11-26,VIX,Một cổ phiếu công ty chứng khoán “bốc đầu” kịch trần ngay trước thềm họp ĐHCĐ bất thường,"Trước đó VIX đang có quãng trượt dốc mạnh, thị giá từ vùng đỉnh sát 40.000 đồng/cp (phiên 16/10) rơi mạnh về dưới ngưỡng 23.000 đồng/cp (25/11), tương ứng mất gần 74% giá trị chỉ trong vòng hơn 1 tháng.","Một cổ phiếu công ty chứng khoán “bốc đầu” kịch trần ngay trước thềm họp ĐHCĐ bất thường Trước đó VIX đang có quãng trượt dốc mạnh, thị giá từ vùng đỉnh sát 40.000 đồng/cp (phiên 16/10) rơi mạnh về dưới ngưỡng 23.000 đồng/cp (25/11), tương ứng mất gần 74% giá trị chỉ trong vòng hơn 1 tháng.",https://cafef.vn/mot-co-phieu-cong-ty-chung-khoan-boc-dau-kich-tran-ngay-truoc-them-hop-dhcd-bat-thuong-188251126112450934.chn,POSITIVE,Cổ phiếu VIX tăng kịch trần trước thềm ĐHCĐ bất thường — kỳ vọng tích cực từ thị trường
10e595ccb7f6,2025-12-08,SBT,"""Vua mía đường"" chốt phát hành 1.000 tỷ đồng trái phiếu chuyển đổi lãi suất 9,5%, IPO các đơn vị thành viên cho tham vọng vốn hóa 2,7 tỷ USD","Mặc dù ghi nhận doanh thu vượt mốc 28.000 tỷ đồng trong niên độ vừa qua, AgriS vẫn đặt kế hoạch kinh doanh niên độ 2025-2026 khá thận trọng đi kèm chiến lược huy động vốn qua kênh trái phiếu để tái cấu trúc tài chính.","""Vua mía đường"" chốt phát hành 1.000 tỷ đồng trái phiếu chuyển đổi lãi suất 9,5%, IPO các đơn vị thành viên cho tham vọng vốn hóa 2,7 tỷ USD Mặc dù ghi nhận doanh thu vượt mốc 28.000 tỷ đồng trong niên độ vừa qua, AgriS vẫn đặt kế hoạch kinh doanh niên độ 2025-2026 khá thận trọng đi kèm chiến lược huy động vốn qua kênh trái phiếu để tái cấu trúc tài chính.",https://cafef.vn/vua-mia-duong-chot-phat-hanh-1000-ty-dong-trai-phieu-chuyen-doi-lai-suat-95-ipo-cac-don-vi-thanh-vien-cho-tham-vong-von-hoa-27-ty-usd-188251208090842064.chn,NEUTRAL,"AgriS phát hành 1.000 tỷ trái phiếu chuyển đổi, kế hoạch thận trọng — trái phiếu tái cơ cấu, tác động SBT chưa rõ"
f03e050a8ab1,2026-06-05,CMC,CMC bổ nhiệm CEO 8x: Tốt nghiệp Thạc sĩ Viễn thông tại Pháp và Thạc sĩ Kinh doanh tại Thái Lan,"Tập đoàn Công nghệ CMC vừa công bố quyết định bổ nhiệm ông Đặng Tùng Sơn giữ chức Tổng giám đốc Tập đoàn từ ngày 1/6/2026. Việc bổ nhiệm nằm trong kế hoạch kiện toàn đội ngũ lãnh đạo cấp cao, chuẩn bị cho chu kỳ tăng trưởng mới giai đoạn 2026–2030.","CMC bổ nhiệm CEO 8x: Tốt nghiệp Thạc sĩ Viễn thông tại Pháp và Thạc sĩ Kinh doanh tại Thái Lan Tập đoàn Công nghệ CMC vừa công bố quyết định bổ nhiệm ông Đặng Tùng Sơn giữ chức Tổng giám đốc Tập đoàn từ ngày 1/6/2026. Việc bổ nhiệm nằm trong kế hoạch kiện toàn đội ngũ lãnh đạo cấp cao, chuẩn bị cho chu kỳ tăng trưởng mới giai đoạn 2026–2030.",https://cafef.vn/cmc-bo-nhiem-ceo-8x-tot-nghiep-thac-si-vien-thong-tai-phap-va-thac-si-kinh-doanh-tai-thai-lan-188260605154623419.chn,NEUTRAL,"CMC bổ nhiệm CEO 8x mới — thay đổi nhân sự, không rõ tác động tích cực hay tiêu cực"
e9cd9e1f75b6,2026-06-16,VHM,2 lý do khiến Vinhomes của tỷ phú Phạm Nhật Vượng đưa ra quyết định gây sốc ‘dừng hoàn toàn mở rộng quỹ đất dự án tại Việt Nam’,Vì sao tỷ phú Phạm Nhật Vượng quyết định để Vinhomes dừng phát triển quỹ đất tại Việt Nam.,2 lý do khiến Vinhomes của tỷ phú Phạm Nhật Vượng đưa ra quyết định gây sốc ‘dừng hoàn toàn mở rộng quỹ đất dự án tại Việt Nam’ Vì sao tỷ phú Phạm Nhật Vượng quyết định để Vinhomes dừng phát triển quỹ đất tại Việt Nam.,https://cafef.vn/2-ly-do-khien-vinhomes-cua-ty-phu-pham-nhat-vuong-dua-ra-quyet-dinh-gay-soc-dung-hoan-toan-mo-rong-quy-dat-du-an-tai-viet-nam-188260616212007635.chn,NEGATIVE,"VHM dừng hoàn toàn mở rộng quỹ đất tại Việt Nam — chiến lược co cụm, giảm kỳ vọng tăng trưởng"
792cca78d09e,2025-11-19,MSB,"MSB kết nối SIMO thành công, nhân đôi bảo mật giao dịch cho khách hàng","Ngân hàng TMCP Hàng Hải Việt Nam (MSB) chính thức công bố hoàn tất kết nối và đưa vào vận hành hệ thống cảnh báo rủi ro SIMO của Ngân hàng Nhà nước Việt Nam, tự động cảnh báo các giao dịch có dấu hiệu gian lận và lừa đảo.","MSB kết nối SIMO thành công, nhân đôi bảo mật giao dịch cho khách hàng Ngân hàng TMCP Hàng Hải Việt Nam (MSB) chính thức công bố hoàn tất kết nối và đưa vào vận hành hệ thống cảnh báo rủi ro SIMO của Ngân hàng Nhà nước Việt Nam, tự động cảnh báo các giao dịch có dấu hiệu gian lận và lừa đảo.",https://cafef.vn/msb-ket-noi-simo-thanh-cong-nhan-doi-bao-mat-giao-dich-cho-khach-hang-18825111916105763.chn,NEUTRAL,"MSB kết nối SIMO bảo mật — nâng cấp hạ tầng, tính năng bảo mật bình thường"
933dee259c7f,2025-10-12,GEE,Điểm tên 4 doanh nghiệp Việt trên sàn bất ngờ báo lãi đột biến,"Lợi nhuận sau thuế quý 3/2025 của GELEX Electric tăng 329% so với cùng kỳ năm trước, đạt 1.791 tỉ đồng.","Điểm tên 4 doanh nghiệp Việt trên sàn bất ngờ báo lãi đột biến Lợi nhuận sau thuế quý 3/2025 của GELEX Electric tăng 329% so với cùng kỳ năm trước, đạt 1.791 tỉ đồng.",https://cafef.vn/diem-ten-4-doanh-nghiep-viet-tren-san-bat-ngo-bao-lai-dot-bien-188251012182000043.chn,POSITIVE,"GELEX Electric lãi Q3 tăng 329% YoY — KQKD đột biến tích cực, bài đề cập GEE"
483f548a6296,2026-01-15,VHC,"Con gái Chủ tịch Vĩnh Hoàn hoàn tất mua vào 5,7 triệu cổ phiếu VHC đã đăng ký","Bà Lê Ngọc Tiên- con gái bà Trương Thị Lệ Khanh, Chủ tịch HĐQT của Vĩnh Hoàn, đã mua vào thành công 5,7 triệu cổ phiếu VHC, qua đó sở hữu 2,54% vốn công ty.","Con gái Chủ tịch Vĩnh Hoàn hoàn tất mua vào 5,7 triệu cổ phiếu VHC đã đăng ký Bà Lê Ngọc Tiên- con gái bà Trương Thị Lệ Khanh, Chủ tịch HĐQT của Vĩnh Hoàn, đã mua vào thành công 5,7 triệu cổ phiếu VHC, qua đó sở hữu 2,54% vốn công ty.",https://cafef.vn/con-gai-chu-tich-vinh-hoan-hoan-tat-mua-vao-57-trieu-co-phieu-vhc-da-dang-ky-18826011510041746.chn,POSITIVE,Con gái Chủ tịch VHC mua 5.7 triệu cp VHC — insider gia đình mua vào
6744d6b96d6d,2025-03-18,NAB,NAB – Lựa chọn của các quỹ  ETF,"Trong đợt review quý 1/2025 công bố vào cuối tuần qua, MarketVector Indexes đã bổ sung mã cổ phiếu NAB của Ngân hàng TMCP Nam Á (Nam A Bank) vào danh mục MarketVector Vietnam Local Index - chỉ số tham chiếu cho quỹ trăm triệu đô VanEck Vectors Vietnam ETF (VNM ETF).","NAB – Lựa chọn của các quỹ ETF Trong đợt review quý 1/2025 công bố vào cuối tuần qua, MarketVector Indexes đã bổ sung mã cổ phiếu NAB của Ngân hàng TMCP Nam Á (Nam A Bank) vào danh mục MarketVector Vietnam Local Index - chỉ số tham chiếu cho quỹ trăm triệu đô VanEck Vectors Vietnam ETF (VNM ETF).",https://cafef.vn/nab-lua-chon-cua-cac-quy-etf-188250318154015563.chn,POSITIVE,"NAB được bổ sung vào VNM ETF — vào danh mục quỹ lớn, dòng tiền tự động đổ vào"
cd601a63850a,2025-06-23,BVB,BVBank triển khai loạt ưu đãi hấp dẫn dành cho khách hàng gửi tiết kiệm,"Trong xu hướng khách hàng ngày càng quan tâm đến những kênh đầu tư an toàn và hiệu quả, Ngân hàng Bản Việt (BVBank) chính thức triển khai hàng loạt ưu đãi hấp dẫn dành cho khách hàng gửi tiết kiệm với thông điệp ""Lợi càng thêm Lời"".","BVBank triển khai loạt ưu đãi hấp dẫn dành cho khách hàng gửi tiết kiệm Trong xu hướng khách hàng ngày càng quan tâm đến những kênh đầu tư an toàn và hiệu quả, Ngân hàng Bản Việt (BVBank) chính thức triển khai hàng loạt ưu đãi hấp dẫn dành cho khách hàng gửi tiết kiệm với thông điệp ""Lợi càng thêm Lời"".",https://cafef.vn/bvbank-trien-khai-loat-uu-dai-hap-dan-danh-cho-khach-hang-gui-tiet-kiem-1882506231503466.chn,NEUTRAL,"BVBank ra chương trình ưu đãi tiết kiệm mới — marketing sản phẩm, không phải KQKD"
afee239d3e4c,2026-01-21,CDC,Chương Dương Corp miễn nhiệm một Phó Tổng Giám đốc,Chương Dương Corp miễn nhiệm chức vụ Phó Tổng Giám đốc đối với ông Phạm Sĩ Như Nhiên theo đơn xin thôi nhiệm vụ.,Chương Dương Corp miễn nhiệm một Phó Tổng Giám đốc Chương Dương Corp miễn nhiệm chức vụ Phó Tổng Giám đốc đối với ông Phạm Sĩ Như Nhiên theo đơn xin thôi nhiệm vụ.,https://cafef.vn/chuong-duong-corp-mien-nhiem-mot-pho-tong-giam-doc-188260121092702916.chn,NEUTRAL,Miễn nhiệm Phó TGĐ theo đơn xin thôi việc — thủ tục nhân sự bình thường
9321f50feced,2026-07-07,PNJ,PNJ công bố thông tin bất thường,"Chiều nay (7/7), Công ty Vàng bạc đá quý Phú Nhuận (PNJ) công bố thông tin bất thường liên quan đến Công ty P-Lab (công ty con do PNJ sở hữu 100% vốn), PNJ thành lập tổ giám sát đặc biệt với sự tham gia của hai thành viên độc lập hội đồng quản trị. Động thái được đưa ra sau khi cơ quan công an bắt ông Đặng Ngọc Thảo - Giám đốc Công ty TNHH MTV Giám định PNJ - trong đường dây buôn lậu kim cương.","PNJ công bố thông tin bất thường Chiều nay (7/7), Công ty Vàng bạc đá quý Phú Nhuận (PNJ) công bố thông tin bất thường liên quan đến Công ty P-Lab (công ty con do PNJ sở hữu 100% vốn), PNJ thành lập tổ giám sát đặc biệt với sự tham gia của hai thành viên độc lập hội đồng quản trị. Động thái được đưa ra sau khi cơ quan công an bắt ông Đặng Ngọc Thảo - Giám đốc Công ty TNHH MTV Giám định PNJ - trong đường dây buôn lậu kim cương.",https://cafef.vn/pnj-cong-bo-thong-tin-bat-thuong-188260707171930405.chn,NEGATIVE,"PNJ: GĐ công ty con bị bắt trong đường dây buôn lậu kim cương, PNJ lập tổ giám sát đặc biệt — rủi ro pháp lý nghiêm trọng"
d9077863dd12,2026-08-07,BCM,"Cổ phiếu DN nhà nước GVR, BCM, GAS... đồng loạt tăng trần: Điều gì đã xảy ra?","Diễn biến bứt phá của nhóm cổ phiếu này diễn ra sau khi Phó Thủ tướng Chính phủ Nguyễn Văn Thắng ký Quyết định số 40/2026/QĐ-TTg ngày 05/8/2026 của Thủ tướng Chính phủ về tiêu chí phân loại doanh nghiệp để thực hiện cơ cấu lại vốn nhà nước tại doanh nghiệp nhà nước, doanh nghiệp có vốn nhà nước.","Cổ phiếu DN nhà nước GVR, BCM, GAS... đồng loạt tăng trần: Điều gì đã xảy ra? Diễn biến bứt phá của nhóm cổ phiếu này diễn ra sau khi Phó Thủ tướng Chính phủ Nguyễn Văn Thắng ký Quyết định số 40/2026/QĐ-TTg ngày 05/8/2026 của Thủ tướng Chính phủ về tiêu chí phân loại doanh nghiệp để thực hiện cơ cấu lại vốn nhà nước tại doanh nghiệp nhà nước, doanh nghiệp có vốn nhà nước.",https://cafef.vn/co-phieu-dn-nha-nuoc-gvr-bcm-gas-dong-loat-tang-tran-dieu-gi-da-xay-ra-188260807161239757.chn,POSITIVE,"BCM, GVR, GAS tăng trần sau chính sách cơ cấu vốn nhà nước — BCM hưởng lợi từ chính sách"
f33d9500cb74,2025-12-11,QCG,"Ngược dòng, cổ phiếu QCG “tím lịm” phiên thứ 2 giữa lúc VN-Index “lao dốc” mạnh","Ngược dòng thị trường, cổ phiếu QCG của Quốc Cường Gia Lai tăng hết biên độ phiên thứ 2 liên tiếp giữa lúc chỉ số chính VN-Index tiếp đà sụt giảm, “bốc hơi” thêm hơn 20 điểm trong phiên 11/12.","Ngược dòng, cổ phiếu QCG “tím lịm” phiên thứ 2 giữa lúc VN-Index “lao dốc” mạnh Ngược dòng thị trường, cổ phiếu QCG của Quốc Cường Gia Lai tăng hết biên độ phiên thứ 2 liên tiếp giữa lúc chỉ số chính VN-Index tiếp đà sụt giảm, “bốc hơi” thêm hơn 20 điểm trong phiên 11/12.",https://cafef.vn/nguoc-dong-co-phieu-qcg-tim-lim-phien-thu-2-giua-luc-vn-index-lao-doc-manh-188251211165359412.chn,POSITIVE,QCG ngược dòng tăng kịch trần 2 phiên liên tiếp — giá cổ phiếu tăng mạnh
5cacfb31ab37,2025-10-19,SCS,"Cập nhật BCTC quý 3/2025 tối ngày 20/10: SSI, VCBS, SCS,... loạt doanh nghiệp lớn công bố, một ngân hàng báo lãi trước thuế quý 3 gấp 3 lần cùng kỳ","SSI công bố BCTC riêng báo lợi nhuận trước thuế quý 3 đạt 1.782 tỷ đồng, tăng 90% và 9 tháng đầu năm lãi 3.943 tỷ đồng, tăng 37%.","Cập nhật BCTC quý 3/2025 tối ngày 20/10: SSI, VCBS, SCS,... loạt doanh nghiệp lớn công bố, một ngân hàng báo lãi trước thuế quý 3 gấp 3 lần cùng kỳ SSI công bố BCTC riêng báo lợi nhuận trước thuế quý 3 đạt 1.782 tỷ đồng, tăng 90% và 9 tháng đầu năm lãi 3.943 tỷ đồng, tăng 37%.",https://cafef.vn/cap-nhat-bctc-quy-3-2025-ngay-20-10-dn-ho-pvn-bao-lai-giam-22-cong-ty-co-khi-lai-tang-120-188251019235839217.chn,POSITIVE,"SCS: cập nhật BCTC Q3, SSI lãi tăng 90% — SCS là primary_ticker nhưng bài đề cập SCS trong bảng"
4a13d0e017a9,2026-07-08,HVN,"Chuyến bay không có bất kỳ hành khách nào cất cánh đã trở về Nội Bài, lập kỳ tích bay dài thứ 2 thế giới","Vietnam Airlines ghi nhận chuyến bay dài thứ hai từng được thực hiện bằng Airbus A350, chỉ đứng sau chuyến bay kỷ lục khoảng 17.000 km của Không quân Đức năm 2020. Hành trình này cũng dài hơn các chuyến bay thương mại giữa Singapore và New York do Singapore Airlines khai thác bằng Airbus A350-900ULR.","Chuyến bay không có bất kỳ hành khách nào cất cánh đã trở về Nội Bài, lập kỳ tích bay dài thứ 2 thế giới Vietnam Airlines ghi nhận chuyến bay dài thứ hai từng được thực hiện bằng Airbus A350, chỉ đứng sau chuyến bay kỷ lục khoảng 17.000 km của Không quân Đức năm 2020. Hành trình này cũng dài hơn các chuyến bay thương mại giữa Singapore và New York do Singapore Airlines khai thác bằng Airbus A350-900ULR.",https://cafef.vn/chuyen-bay-khong-co-bat-ky-hanh-khach-nao-cat-canh-da-tro-ve-noi-bai-lap-ky-tich-bay-dai-thu-2-the-gioi-188260708095620406.chn,NEUTRAL,VNA thực hiện chuyến bay ferry không hành khách lập kỷ lục kỹ thuật — PR kỹ thuật hàng không
35c13ffd3768,2026-01-20,GEE,"Lộ diện đơn vị tư vấn IPO cho công ty bán lẻ điện máy lớn nhất Việt Nam: Từng xuất hiện trong các thương vụ của VPBankS, VPBank, Techcombank, Vietjet, Novaland…",Đây là một trong những tên tuổi hàng đầu trong lĩnh vực tư vấn IPO và niêm yết tại thị trường chứng khoán Việt Nam.,"Lộ diện đơn vị tư vấn IPO cho công ty bán lẻ điện máy lớn nhất Việt Nam: Từng xuất hiện trong các thương vụ của VPBankS, VPBank, Techcombank, Vietjet, Novaland… Đây là một trong những tên tuổi hàng đầu trong lĩnh vực tư vấn IPO và niêm yết tại thị trường chứng khoán Việt Nam.",https://cafef.vn/lo-dien-don-vi-tu-van-ipo-cho-cong-ty-ban-le-dien-may-lon-nhat-viet-nam-tung-xuat-hien-trong-cac-thuong-vu-cua-vpbanks-vpbank-techcombank-vietjet-novaland-188260120103655752.chn,NEUTRAL,"Bài về tư vấn IPO bán lẻ điện máy, GEE không phải nhân vật chính"
07be59455a5e,2026-05-21,IPA,"VNDirect sắp trả cổ tức tỷ lệ 5%, Tập đoàn IPA nhận gần 200 tỷ đồng","Ngày 1/6 tới, VNDirect chốt danh sách cổ đông trả cổ tức năm 2025 bằng tiền tỷ lệ 5%.","VNDirect sắp trả cổ tức tỷ lệ 5%, Tập đoàn IPA nhận gần 200 tỷ đồng Ngày 1/6 tới, VNDirect chốt danh sách cổ đông trả cổ tức năm 2025 bằng tiền tỷ lệ 5%.",https://cafef.vn/vndirect-sap-tra-co-tuc-ty-le-5-tap-doan-ipa-nhan-gan-200-ty-dong-18826052110185835.chn,POSITIVE,"VNDirect trả cổ tức tiền mặt 5%, IPA nhận ~200 tỷ — cổ tức tiền mặt đổ về IPA"
5caf0d66540b,2026-05-13,BTS,"Cộng đồng người yêu âm nhạc Việt Nam đang giải mã ""hint"" liên quan đến BTS WORLD TOUR 'ARIRANG'?",Chưa có xác nhận chính thức. Nhưng tốc độ lan truyền trong cộng đồng người yêu âm nhạc BTS tại Việt Nam đang nói lên điều gì đó.,"Cộng đồng người yêu âm nhạc Việt Nam đang giải mã ""hint"" liên quan đến BTS WORLD TOUR 'ARIRANG'? Chưa có xác nhận chính thức. Nhưng tốc độ lan truyền trong cộng đồng người yêu âm nhạc BTS tại Việt Nam đang nói lên điều gì đó.",https://cafef.vn/cong-dong-nguoi-yeu-am-nhac-viet-nam-dang-giai-ma-hint-lien-quan-den-bts-world-tour-arirang-188260513113013976.chn,NEUTRAL,"Tin giải mã 'hint' concert BTS tại Việt Nam, BTS là nhóm nhạc Hàn không phải ticker"
ed556c020661,2025-10-16,ANV,"Cập nhật BCTC quý 3/2025 tối ngày 17/10: Hàng loạt doanh nghiệp dồn dập công bố, nhiều doanh nghiệp tăng đột biến","Nam Việt (ANV) ghi nhận LNTT quý 3 đạt 343 tỷ đồng, tăng 826% so với cùng kỳ và lãi 9 tháng đạt 857 tỷ đồng, tăng 1.225%. DAP Vinachem (DDV) báo lãi trước thuế đạt 276 tỷ đồng, tăng 985% và lãi 9 tháng đạt 620 tỷ đồng, tăng 348%.","Cập nhật BCTC quý 3/2025 tối ngày 17/10: Hàng loạt doanh nghiệp dồn dập công bố, nhiều doanh nghiệp tăng đột biến Nam Việt (ANV) ghi nhận LNTT quý 3 đạt 343 tỷ đồng, tăng 826% so với cùng kỳ và lãi 9 tháng đạt 857 tỷ đồng, tăng 1.225%. DAP Vinachem (DDV) báo lãi trước thuế đạt 276 tỷ đồng, tăng 985% và lãi 9 tháng đạt 620 tỷ đồng, tăng 348%.",https://cafef.vn/cap-nhat-bctc-quy-3-2025-sang-ngay-17-10-cong-ty-o-to-bao-lai-tang-1000-mot-dn-dien-bao-lo-188251016234842201.chn,POSITIVE,"ANV lãi Q3 tăng 826% YoY, 9 tháng tăng 1.225% — KQKD đột biến cực kỳ tích cực"
7cb86cd840b4,2025-06-24,CVN,Vinamilk gây tiếng vang tại Hội nghị Sữa toàn cầu 2025,"Amsterdam, Hà Lan – Hội nghị Sữa Toàn cầu 2025 (Global Dairy Congress 2025) lần thứ 18, đã diễn ra từ ngày 18-19/6/2025 tại Hà Lan.","Vinamilk gây tiếng vang tại Hội nghị Sữa toàn cầu 2025 Amsterdam, Hà Lan – Hội nghị Sữa Toàn cầu 2025 (Global Dairy Congress 2025) lần thứ 18, đã diễn ra từ ngày 18-19/6/2025 tại Hà Lan.",https://cafef.vn/vinamilk-gay-tieng-vang-tai-hoi-nghi-sua-toan-cau-2025-188250624151535138.chn,NEUTRAL,"Vinamilk tham dự hội nghị sữa toàn cầu — sự kiện PR quốc tế, không có số liệu tài chính"
be70a315812e,2025-12-18,QCG,Quyết định quan trọng với Quốc Cường Gia Lai,"Cổ đông đồng ý cho Công ty CP Quốc Cường Gia Lai chuyển nhượng phần vốn góp tại các công ty con và công ty liên kết ngay trong năm nay, chấp thuận cho QCG hợp tác kinh doanh các sản phẩm, dự án bất động sản đang sở hữu với các nhà đầu tư bên ngoài.","Quyết định quan trọng với Quốc Cường Gia Lai Cổ đông đồng ý cho Công ty CP Quốc Cường Gia Lai chuyển nhượng phần vốn góp tại các công ty con và công ty liên kết ngay trong năm nay, chấp thuận cho QCG hợp tác kinh doanh các sản phẩm, dự án bất động sản đang sở hữu với các nhà đầu tư bên ngoài.",https://cafef.vn/quyet-dinh-quan-trong-voi-quoc-cuong-gia-lai-188251218164830029.chn,POSITIVE,QCG cổ đông đồng ý chuyển nhượng tài sản và hợp tác BĐS — mở ra cơ hội thoái vốn và hợp tác
2b00f1753cbe,2025-04-28,VIB,"Siêu Lợi Suất VIB: Đánh thức dòng tiền bởi lợi suất cao, tính linh hoạt và khơi dậy thói quen tài chính hiện đại","Chính thức ra mắt vào ngày 17.02.2025 với thông điệp ""Đánh thức dòng tiền nhàn rỗi"", tài khoản Siêu Lợi Suất của Ngân hàng Quốc Tế (VIB) nhanh chóng trở thành điểm sáng trên thị trường nhờ khả năng dung hòa linh hoạt giữa quản lý tài chính hiệu quả và tối ưu hóa lợi ích cho dòng tiền nhàn rỗi.","Siêu Lợi Suất VIB: Đánh thức dòng tiền bởi lợi suất cao, tính linh hoạt và khơi dậy thói quen tài chính hiện đại Chính thức ra mắt vào ngày 17.02.2025 với thông điệp ""Đánh thức dòng tiền nhàn rỗi"", tài khoản Siêu Lợi Suất của Ngân hàng Quốc Tế (VIB) nhanh chóng trở thành điểm sáng trên thị trường nhờ khả năng dung hòa linh hoạt giữa quản lý tài chính hiệu quả và tối ưu hóa lợi ích cho dòng tiền nhàn rỗi.",https://cafef.vn/sieu-loi-suat-vib-danh-thuc-dong-tien-boi-loi-suat-cao-tinh-linh-hoat-va-khoi-day-thoi-quen-tai-chinh-hien-dai-188250428091151923.chn,NEUTRAL,"VIB ra mắt tài khoản Siêu Lợi Suất — sản phẩm tiết kiệm mới, PR sản phẩm"
ff6b47eb0fb7,2026-07-28,DGC,"Tổng Giám đốc Lưu Bách Đạt bị khởi tố, Hoá chất Đức Giang có động thái mới",Hóa chất Đức Giang (DGC) sẽ trình cổ đông miễn nhiệm 2 thành viên HĐQT tại ĐHĐCĐ thường niên sắp tới.,"Tổng Giám đốc Lưu Bách Đạt bị khởi tố, Hoá chất Đức Giang có động thái mới Hóa chất Đức Giang (DGC) sẽ trình cổ đông miễn nhiệm 2 thành viên HĐQT tại ĐHĐCĐ thường niên sắp tới.",https://cafef.vn/tong-giam-doc-luu-bach-dat-bi-khoi-to-hoa-chat-duc-giang-co-dong-thai-moi-188260728092501542.chn,NEGATIVE,"TGĐ DGC bị khởi tố, DGC miễn nhiệm 2 thành viên HĐQT — quản trị bị ảnh hưởng nghiêm trọng"
50e5b664cc8a,2025-10-20,VPB,"Nóng: Dư nợ cho vay tại các CTCK lập kỷ lục hơn 380.000 tỷ đồng, tăng 80.000 tỷ sau một quý","Trong đó, dư nợ cho vay ký quỹ (margin) tại các CTCK ước tính khoảng 370.000 tỷ đồng vào cuối quý 3, tăng 78.000 tỷ so với cuối quý 2 và cũng là con số cao nhất trong lịch sử chứng khoán Việt Nam.","Nóng: Dư nợ cho vay tại các CTCK lập kỷ lục hơn 380.000 tỷ đồng, tăng 80.000 tỷ sau một quý Trong đó, dư nợ cho vay ký quỹ (margin) tại các CTCK ước tính khoảng 370.000 tỷ đồng vào cuối quý 3, tăng 78.000 tỷ so với cuối quý 2 và cũng là con số cao nhất trong lịch sử chứng khoán Việt Nam.",https://cafef.vn/nong-du-no-cho-vay-tai-cac-ctck-lap-ky-luc-hon-380000-ty-dong-tang-80000-ty-sau-mot-quy-188251020231651576.chn,NEUTRAL,"Dư nợ margin toàn ngành CTCK lập kỷ lục — tin vĩ mô ngành, VPB không phải nhân vật chính"
5ffd6039755d,2025-05-19,SHB,"Ngày 10/6, SHB chốt danh sách cổ đông để chi trả cổ tức bằng tiền năm 2024","Ngân hàng Sài Gòn – Hà Nội (SHB) vừa thông báo về ngày chốt danh sách cổ đông để chi trả cổ tức năm 2024 bằng tiền mặt với tỷ lệ 5%. Theo Nghị quyết ĐHĐCĐ thường niên năm 2025, SHB chi trả cổ tức năm 2024 với tổng tỷ lệ 18%, gồm 5% bằng tiền và 13% bằng cổ phiếu.","Ngày 10/6, SHB chốt danh sách cổ đông để chi trả cổ tức bằng tiền năm 2024 Ngân hàng Sài Gòn – Hà Nội (SHB) vừa thông báo về ngày chốt danh sách cổ đông để chi trả cổ tức năm 2024 bằng tiền mặt với tỷ lệ 5%. Theo Nghị quyết ĐHĐCĐ thường niên năm 2025, SHB chi trả cổ tức năm 2024 với tổng tỷ lệ 18%, gồm 5% bằng tiền và 13% bằng cổ phiếu.",https://cafef.vn/ngay-10-6-shb-chot-danh-sach-co-dong-de-chi-tra-co-tuc-bang-tien-nam-2024-188250519105552959.chn,POSITIVE,SHB chia cổ tức tiền mặt 5% ngày 10/6 — dòng tiền thực về tay cổ đông SHB
